"","l","j","y","s","a","ns","nt","sl"
"1",85,93,1999,0,0,0,2,NA
"2",85,105,1999,0,0,0,1,NA
"3",85,117,1999,0,0,0,2,NA
"4",85,117,1999,0,1,0,2,NA
"5",85,121,1999,0,0,0,1,NA
"6",85,124,1999,0,0,0,1,NA
"7",85,128,1999,0,0,0,1,NA
"8",85,129,1999,0,1,0,2,NA
"9",85,137,1999,0,1,0,2,NA
"10",86,89,1999,0,0,0,2,NA
"11",86,90,1999,0,0,0,3,NA
"12",86,91,1999,0,0,0,1,NA
"13",86,95,1999,0,0,0,1,NA
"14",86,96,1999,0,0,0,1,NA
"15",86,110,1999,0,0,0,1,NA
"16",86,111,1999,0,0,0,2,NA
"17",86,111,1999,0,1,0,2,NA
"18",86,113,1999,0,0,0,1,NA
"19",86,117,1999,0,0,0,2,NA
"20",86,118,1999,0,0,0,3,NA
"21",86,118,1999,0,1,0,2,NA
"22",86,122,1999,0,0,0,2,NA
"23",86,124,1999,0,0,0,1,NA
"24",86,124,1999,0,1,0,2,NA
"25",86,127,1999,0,0,0,1,NA
"26",86,127,1999,0,1,0,2,NA
"27",86,128,1999,0,0,0,1,NA
"28",86,159,1999,0,0,0,1,NA
"29",87,88,1999,0,1,0,1,NA
"30",87,91,1999,0,0,0,1,NA
"31",87,97,1999,0,0,0,2,NA
"32",87,102,1999,0,0,0,2,NA
"33",87,107,1999,0,0,0,1,NA
"34",87,110,1999,0,0,0,4,NA
"35",87,111,1999,0,0,0,2,NA
"36",87,113,1999,0,0,0,2,NA
"37",87,113,1999,0,1,0,2,NA
"38",87,115,1999,0,0,0,1,NA
"39",87,117,1999,0,0,0,2,NA
"40",87,118,1999,0,0,0,3,NA
"41",87,118,1999,0,1,0,2,NA
"42",87,119,1999,0,0,0,1,NA
"43",87,120,1999,0,0,0,3,NA
"44",87,121,1999,0,0,0,1,NA
"45",87,122,1999,0,0,0,1,NA
"46",87,124,1999,0,0,0,1,NA
"47",87,124,1999,0,1,0,2,NA
"48",87,127,1999,0,0,0,1,NA
"49",87,150,1999,0,1,0,1,NA
"50",87,152,1999,0,1,0,2,NA
"51",87,153,1999,0,1,0,2,NA
"52",88,89,1999,0,0,0,1,NA
"53",88,90,1999,0,0,0,1,NA
"54",88,91,1999,0,0,0,3,NA
"55",88,92,1999,0,0,0,1,NA
"56",88,93,1999,0,0,0,1,NA
"57",88,95,1999,0,0,0,1,NA
"58",88,106,1999,0,0,0,2,NA
"59",88,111,1999,0,1,0,1,NA
"60",88,112,1999,0,0,0,1,NA
"61",88,112,1999,0,1,0,2,NA
"62",88,113,1999,0,0,0,1,NA
"63",88,114,1999,0,0,0,2,NA
"64",88,114,1999,0,1,0,2,NA
"65",88,116,1999,0,0,0,1,NA
"66",88,117,1999,0,0,0,1,NA
"67",88,118,1999,0,0,0,3,NA
"68",88,122,1999,0,0,0,1,NA
"69",88,123,1999,0,0,0,1,NA
"70",88,125,1999,0,1,0,1,NA
"71",88,126,1999,0,0,0,1,NA
"72",88,127,1999,0,0,0,1,NA
"73",88,128,1999,0,0,0,1,NA
"74",88,133,1999,0,1,0,2,NA
"75",88,139,1999,0,0,0,1,NA
"76",88,142,1999,0,1,0,2,NA
"77",88,146,1999,0,1,0,2,NA
"78",88,148,1999,0,1,0,1,NA
"79",88,160,1999,0,1,0,4,NA
"80",89,90,1999,0,0,0,1,NA
"81",89,92,1999,0,0,0,1,NA
"82",89,93,1999,0,0,0,1,NA
"83",89,100,1999,0,0,0,1,NA
"84",89,106,1999,0,0,0,1,NA
"85",89,109,1999,0,0,0,1,NA
"86",89,110,1999,0,0,0,2,NA
"87",89,110,1999,0,1,0,2,NA
"88",89,111,1999,0,0,0,2,NA
"89",89,111,1999,0,1,0,2,NA
"90",89,112,1999,0,0,0,2,NA
"91",89,114,1999,0,0,0,1,NA
"92",89,115,1999,0,0,0,1,NA
"93",89,116,1999,0,0,0,2,NA
"94",89,117,1999,0,0,0,3,NA
"95",89,118,1999,0,0,0,3,NA
"96",89,119,1999,0,0,0,1,NA
"97",89,121,1999,0,0,0,1,NA
"98",89,121,1999,1,0,1,1,NA
"99",89,123,1999,0,1,0,2,NA
"100",89,124,1999,0,0,0,2,NA
"101",89,126,1999,0,0,0,1,NA
"102",89,126,1999,0,1,0,2,NA
"103",89,127,1999,0,0,0,1,NA
"104",89,128,1999,0,0,0,2,NA
"105",89,134,1999,0,1,0,1,NA
"106",89,149,1999,0,1,0,2,NA
"107",89,150,1999,0,1,0,1,NA
"108",89,158,1999,0,0,0,1,NA
"109",89,159,1999,0,1,0,2,NA
"110",90,89,1999,0,0,0,1,NA
"111",90,90,1999,0,0,0,1,NA
"112",90,91,1999,0,0,0,1,NA
"113",90,95,1999,0,0,0,1,NA
"114",90,99,1999,0,0,0,1,NA
"115",90,106,1999,0,1,0,2,NA
"116",90,107,1999,0,0,0,1,NA
"117",90,110,1999,0,0,0,2,NA
"118",90,111,1999,0,0,0,4,NA
"119",90,111,1999,0,1,0,2,NA
"120",90,112,1999,0,0,0,2,NA
"121",90,113,1999,0,0,0,1,NA
"122",90,113,1999,0,1,0,2,NA
"123",90,115,1999,0,0,0,2,NA
"124",90,116,1999,0,0,0,1,NA
"125",90,117,1999,0,0,0,4,NA
"126",90,118,1999,0,0,0,2,NA
"127",90,119,1999,0,0,0,3,NA
"128",90,119,1999,0,1,0,2,NA
"129",90,120,1999,0,0,0,1,NA
"130",90,121,1999,0,0,0,2,NA
"131",90,122,1999,0,0,0,2,NA
"132",90,122,1999,0,1,0,2,NA
"133",90,123,1999,0,0,0,2,NA
"134",90,124,1999,0,0,0,2,NA
"135",90,127,1999,0,0,0,3,NA
"136",90,128,1999,0,0,0,1,NA
"137",90,141,1999,0,1,0,2,NA
"138",90,143,1999,0,1,0,2,NA
"139",90,145,1999,0,1,0,1,NA
"140",90,152,1999,0,1,0,2,NA
"141",90,156,1999,0,0,0,2,NA
"142",90,158,1999,0,1,0,2,NA
"143",90,159,1999,0,1,0,4,NA
"144",91,89,1999,0,0,0,4,NA
"145",91,90,1999,0,0,0,3,NA
"146",91,91,1999,0,0,0,2,NA
"147",91,92,1999,0,0,0,1,NA
"148",91,93,1999,0,0,0,2,NA
"149",91,96,1999,0,0,0,2,NA
"150",91,98,1999,0,0,0,2,NA
"151",91,99,1999,0,0,0,1,NA
"152",91,105,1999,0,0,0,1,NA
"153",91,109,1999,0,0,0,1,NA
"154",91,110,1999,0,0,0,4,NA
"155",91,111,1999,0,0,0,3,NA
"156",91,112,1999,0,0,0,1,NA
"157",91,112,1999,0,1,0,2,NA
"158",91,113,1999,0,0,0,2,NA
"159",91,117,1999,0,0,0,3,NA
"160",91,117,1999,0,1,0,1,NA
"161",91,118,1999,0,0,0,3,NA
"162",91,118,1999,0,1,0,4,NA
"163",91,119,1999,0,0,0,1,NA
"164",91,119,1999,0,1,0,2,NA
"165",91,121,1999,0,0,0,2,NA
"166",91,121,1999,0,1,0,2,NA
"167",91,122,1999,0,0,0,3,NA
"168",91,123,1999,0,0,0,8,NA
"169",91,124,1999,0,0,0,4,NA
"170",91,126,1999,0,1,0,2,NA
"171",91,127,1999,0,0,0,3,NA
"172",91,128,1999,0,0,0,1,NA
"173",91,131,1999,0,0,0,1,NA
"174",91,133,1999,0,0,0,1,NA
"175",91,133,1999,0,1,0,2,NA
"176",91,140,1999,0,1,0,2,NA
"177",91,147,1999,0,1,0,1,NA
"178",91,149,1999,0,1,0,1,NA
"179",92,89,1999,0,0,0,1,NA
"180",92,89,1999,0,1,0,2,NA
"181",92,90,1999,0,0,0,1,NA
"182",92,93,1999,0,0,0,3,NA
"183",92,95,1999,0,0,0,2,NA
"184",92,96,1999,0,0,0,1,NA
"185",92,97,1999,0,0,0,1,NA
"186",92,98,1999,0,0,0,2,NA
"187",92,103,1999,0,0,0,1,NA
"188",92,106,1999,0,0,0,1,NA
"189",92,109,1999,0,0,0,2,NA
"190",92,110,1999,0,0,0,5,NA
"191",92,111,1999,0,0,0,2,NA
"192",92,112,1999,0,1,0,2,NA
"193",92,113,1999,0,0,0,2,NA
"194",92,114,1999,0,0,0,1,NA
"195",92,115,1999,0,1,0,2,NA
"196",92,116,1999,0,0,0,1,NA
"197",92,116,1999,0,1,0,4,NA
"198",92,117,1999,0,0,0,3,NA
"199",92,118,1999,0,0,0,2,NA
"200",92,119,1999,0,0,0,4,NA
"201",92,120,1999,0,0,0,1,NA
"202",92,121,1999,0,0,0,3,NA
"203",92,122,1999,0,0,0,4,NA
"204",92,122,1999,0,1,0,2,NA
"205",92,123,1999,0,0,0,2,NA
"206",92,123,1999,0,1,0,2,NA
"207",92,124,1999,0,0,0,5,NA
"208",92,125,1999,0,0,0,1,NA
"209",92,126,1999,0,0,0,1,NA
"210",92,127,1999,0,0,0,1,NA
"211",92,128,1999,0,0,0,1,NA
"212",92,136,1999,0,1,0,2,NA
"213",92,146,1999,0,1,0,2,NA
"214",92,147,1999,0,1,0,1,NA
"215",92,152,1999,0,1,0,2,NA
"216",92,159,1999,0,0,0,1,NA
"217",92,159,1999,0,1,0,3,NA
"218",92,160,1999,0,1,0,3,NA
"219",93,89,1999,0,0,0,3,NA
"220",93,90,1999,0,0,0,2,NA
"221",93,91,1999,0,0,0,2,NA
"222",93,91,1999,0,1,0,1,NA
"223",93,93,1999,0,0,0,2,NA
"224",93,96,1999,0,0,0,2,NA
"225",93,97,1999,0,0,0,4,NA
"226",93,99,1999,0,0,0,1,NA
"227",93,100,1999,0,0,0,1,NA
"228",93,102,1999,0,0,0,1,NA
"229",93,104,1999,0,0,0,1,NA
"230",93,106,1999,0,0,0,1,NA
"231",93,107,1999,0,0,0,1,NA
"232",93,109,1999,0,0,0,2,NA
"233",93,110,1999,0,0,0,11,NA
"234",93,111,1999,0,0,0,6,NA
"235",93,112,1999,0,0,0,2,NA
"236",93,113,1999,0,0,0,1,NA
"237",93,114,1999,0,0,0,3,NA
"238",93,115,1999,0,0,0,1,NA
"239",93,116,1999,0,0,0,2,NA
"240",93,117,1999,0,0,0,9,NA
"241",93,117,1999,0,1,0,3,NA
"242",93,118,1999,0,0,0,10,NA
"243",93,118,1999,0,1,0,2,NA
"244",93,119,1999,0,0,0,7,NA
"245",93,119,1999,0,1,0,3,NA
"246",93,120,1999,0,0,0,7,NA
"247",93,121,1999,0,0,0,1,NA
"248",93,122,1999,0,0,0,2,NA
"249",93,123,1999,0,0,0,1,NA
"250",93,123,1999,0,1,0,4,NA
"251",93,124,1999,0,0,0,6,NA
"252",93,126,1999,0,0,0,1,NA
"253",93,127,1999,0,0,0,2,NA
"254",93,128,1999,0,0,0,2,NA
"255",93,130,1999,0,1,0,2,NA
"256",93,133,1999,0,0,0,2,NA
"257",93,133,1999,0,1,0,2,NA
"258",93,137,1999,0,1,0,2,NA
"259",93,139,1999,0,0,0,1,NA
"260",93,145,1999,0,1,0,1,NA
"261",93,148,1999,0,1,0,1,NA
"262",93,152,1999,0,1,0,2,NA
"263",93,158,1999,0,0,0,1,NA
"264",93,159,1999,0,1,0,2,NA
"265",94,89,1999,0,0,0,5,NA
"266",94,89,1999,0,1,0,2,NA
"267",94,91,1999,0,0,0,1,NA
"268",94,92,1999,0,0,0,1,NA
"269",94,93,1999,0,0,0,3,NA
"270",94,95,1999,0,0,0,1,NA
"271",94,96,1999,0,0,0,2,NA
"272",94,97,1999,0,0,0,2,NA
"273",94,98,1999,0,0,0,1,NA
"274",94,100,1999,0,0,0,2,NA
"275",94,103,1999,0,1,0,1,NA
"276",94,105,1999,0,0,0,1,NA
"277",94,107,1999,0,1,0,1,NA
"278",94,109,1999,0,0,0,1,NA
"279",94,110,1999,0,0,0,6,NA
"280",94,111,1999,0,0,0,3,NA
"281",94,111,1999,0,1,0,2,NA
"282",94,112,1999,0,0,0,9,NA
"283",94,112,1999,0,1,0,2,NA
"284",94,113,1999,0,0,0,4,NA
"285",94,114,1999,0,0,0,2,NA
"286",94,115,1999,0,0,0,7,NA
"287",94,116,1999,0,0,0,6,NA
"288",94,117,1999,0,0,0,16,NA
"289",94,117,1999,0,1,0,2,NA
"290",94,118,1999,0,0,0,11,NA
"291",94,118,1999,0,1,0,2,NA
"292",94,119,1999,0,0,0,9,NA
"293",94,120,1999,0,0,0,5,NA
"294",94,120,1999,0,1,0,4,NA
"295",94,121,1999,0,0,0,5,NA
"296",94,121,1999,1,1,2,2,NA
"297",94,122,1999,0,0,0,3,NA
"298",94,122,1999,0,1,0,1,NA
"299",94,123,1999,0,0,0,7,NA
"300",94,124,1999,0,0,0,12,NA
"301",94,125,1999,0,0,0,2,NA
"302",94,126,1999,0,0,0,2,NA
"303",94,127,1999,0,0,0,4,NA
"304",94,128,1999,0,0,0,3,NA
"305",94,129,1999,0,1,0,2,NA
"306",94,130,1999,0,0,0,1,NA
"307",94,131,1999,0,0,0,1,NA
"308",94,133,1999,0,1,0,2,NA
"309",94,137,1999,0,1,0,1,NA
"310",94,139,1999,0,1,0,2,NA
"311",94,143,1999,0,1,0,2,NA
"312",94,144,1999,0,0,0,1,NA
"313",94,146,1999,0,1,0,2,NA
"314",94,147,1999,0,1,0,2,NA
"315",94,152,1999,0,1,0,2,NA
"316",94,156,1999,0,0,0,1,NA
"317",94,158,1999,0,0,0,1,NA
"318",94,159,1999,0,0,0,2,NA
"319",94,159,1999,0,1,0,2,NA
"320",94,160,1999,0,1,0,2,NA
"321",95,89,1999,0,0,0,3,NA
"322",95,90,1999,0,0,0,5,NA
"323",95,91,1999,0,0,0,4,NA
"324",95,92,1999,0,0,0,2,NA
"325",95,93,1999,0,0,0,4,NA
"326",95,95,1999,0,0,0,2,NA
"327",95,97,1999,0,0,0,3,NA
"328",95,98,1999,0,0,0,1,NA
"329",95,99,1999,0,0,0,4,NA
"330",95,100,1999,0,0,0,1,NA
"331",95,102,1999,0,0,0,1,NA
"332",95,104,1999,0,0,0,2,NA
"333",95,105,1999,0,0,0,2,NA
"334",95,106,1999,0,1,0,2,NA
"335",95,107,1999,0,0,0,1,NA
"336",95,109,1999,0,0,0,2,NA
"337",95,109,1999,0,1,0,4,NA
"338",95,109,1999,1,0,1,1,NA
"339",95,110,1999,0,0,0,13,NA
"340",95,111,1999,0,0,0,10,NA
"341",95,112,1999,0,0,0,6,NA
"342",95,112,1999,0,1,0,6,NA
"343",95,113,1999,0,0,0,4,NA
"344",95,113,1999,1,1,2,2,NA
"345",95,114,1999,0,0,0,2,NA
"346",95,115,1999,0,0,0,3,NA
"347",95,115,1999,0,1,0,2,NA
"348",95,115,1999,1,0,1,1,NA
"349",95,116,1999,0,0,0,4,NA
"350",95,116,1999,0,1,0,2,NA
"351",95,117,1999,0,0,0,9,NA
"352",95,118,1999,0,0,0,16,NA
"353",95,118,1999,1,0,1,1,NA
"354",95,119,1999,0,0,0,8,NA
"355",95,119,1999,0,1,0,6,NA
"356",95,120,1999,0,0,0,5,NA
"357",95,120,1999,0,1,0,4,NA
"358",95,121,1999,0,0,0,7,NA
"359",95,121,1999,1,0,1,1,NA
"360",95,122,1999,0,0,0,7,NA
"361",95,123,1999,0,0,0,4,NA
"362",95,124,1999,0,0,0,8,NA
"363",95,124,1999,0,1,0,3,NA
"364",95,126,1999,0,0,0,1,NA
"365",95,126,1999,0,1,0,2,NA
"366",95,127,1999,0,0,0,5,NA
"367",95,128,1999,0,0,0,1,NA
"368",95,129,1999,0,1,0,4,NA
"369",95,130,1999,0,0,0,1,NA
"370",95,131,1999,0,0,0,3,NA
"371",95,133,1999,0,0,0,1,NA
"372",95,136,1999,0,1,0,2,NA
"373",95,139,1999,0,0,0,1,NA
"374",95,139,1999,0,1,0,2,NA
"375",95,140,1999,0,0,0,1,NA
"376",95,144,1999,0,0,0,1,NA
"377",95,157,1999,0,1,0,2,NA
"378",95,158,1999,0,0,0,1,NA
"379",95,158,1999,0,1,0,1,NA
"380",95,159,1999,0,1,0,2,NA
"381",96,89,1999,0,0,0,1,NA
"382",96,90,1999,0,0,0,3,NA
"383",96,91,1999,0,0,0,2,NA
"384",96,92,1999,0,0,0,2,NA
"385",96,93,1999,0,0,0,2,NA
"386",96,95,1999,0,0,0,1,NA
"387",96,97,1999,0,0,0,3,NA
"388",96,98,1999,0,0,0,4,NA
"389",96,99,1999,0,0,0,1,NA
"390",96,100,1999,0,0,0,3,NA
"391",96,102,1999,0,0,0,2,NA
"392",96,103,1999,0,0,0,2,NA
"393",96,104,1999,0,0,0,1,NA
"394",96,104,1999,0,1,0,1,NA
"395",96,106,1999,0,0,0,1,NA
"396",96,107,1999,0,0,0,3,NA
"397",96,108,1999,0,1,0,2,NA
"398",96,109,1999,0,1,0,2,NA
"399",96,110,1999,0,0,0,7,NA
"400",96,111,1999,0,0,0,9,NA
"401",96,111,1999,0,1,0,2,NA
"402",96,112,1999,0,0,0,7,NA
"403",96,113,1999,0,0,0,8,NA
"404",96,113,1999,0,1,0,1,NA
"405",96,114,1999,0,0,0,5,NA
"406",96,114,1999,0,1,0,2,NA
"407",96,115,1999,0,0,0,3,NA
"408",96,115,1999,0,1,0,4,NA
"409",96,116,1999,0,0,0,5,NA
"410",96,117,1999,0,0,0,15,NA
"411",96,118,1999,0,0,0,16,NA
"412",96,118,1999,0,1,0,3,NA
"413",96,119,1999,0,0,0,6,NA
"414",96,120,1999,0,0,0,2,NA
"415",96,121,1999,0,0,0,6,NA
"416",96,121,1999,0,1,0,4,NA
"417",96,122,1999,0,0,0,8,NA
"418",96,122,1999,0,1,0,2,NA
"419",96,123,1999,0,0,0,3,NA
"420",96,123,1999,0,1,0,1,NA
"421",96,124,1999,0,0,0,9,NA
"422",96,124,1999,1,0,1,1,NA
"423",96,126,1999,0,0,0,1,NA
"424",96,127,1999,0,0,0,4,NA
"425",96,128,1999,0,0,0,5,NA
"426",96,130,1999,0,0,0,1,NA
"427",96,131,1999,0,0,0,1,NA
"428",96,132,1999,0,0,0,1,NA
"429",96,137,1999,0,0,0,1,NA
"430",96,139,1999,0,0,0,1,NA
"431",96,144,1999,0,1,0,2,NA
"432",96,145,1999,0,0,0,1,NA
"433",96,145,1999,0,1,0,4,NA
"434",96,146,1999,0,1,0,2,NA
"435",96,150,1999,0,1,0,1,NA
"436",96,153,1999,0,1,0,1,NA
"437",96,155,1999,0,0,0,1,NA
"438",96,158,1999,0,0,0,2,NA
"439",96,159,1999,0,0,0,3,NA
"440",97,89,1999,0,0,0,2,NA
"441",97,90,1999,0,0,0,2,NA
"442",97,91,1999,0,0,0,3,NA
"443",97,92,1999,0,0,0,2,NA
"444",97,93,1999,0,0,0,2,NA
"445",97,96,1999,0,0,0,1,NA
"446",97,97,1999,0,0,0,4,NA
"447",97,98,1999,0,0,0,1,NA
"448",97,99,1999,0,0,0,1,NA
"449",97,99,1999,0,1,0,1,NA
"450",97,100,1999,0,0,0,3,NA
"451",97,102,1999,0,0,0,3,NA
"452",97,103,1999,0,0,0,1,NA
"453",97,104,1999,0,0,0,2,NA
"454",97,105,1999,0,0,0,1,NA
"455",97,106,1999,0,0,0,4,NA
"456",97,107,1999,0,0,0,1,NA
"457",97,109,1999,0,0,0,6,NA
"458",97,110,1999,0,0,0,14,NA
"459",97,110,1999,1,0,1,1,NA
"460",97,111,1999,0,0,0,9,NA
"461",97,112,1999,0,0,0,9,NA
"462",97,112,1999,0,1,0,2,NA
"463",97,113,1999,0,0,0,4,NA
"464",97,113,1999,0,1,0,10,NA
"465",97,114,1999,0,0,0,1,NA
"466",97,115,1999,0,0,0,6,NA
"467",97,116,1999,0,0,0,5,NA
"468",97,116,1999,0,1,0,2,NA
"469",97,117,1999,0,0,0,18,NA
"470",97,117,1999,0,1,0,3,NA
"471",97,118,1999,0,0,0,18,NA
"472",97,119,1999,0,0,0,4,NA
"473",97,119,1999,0,1,0,2,NA
"474",97,120,1999,0,0,0,2,NA
"475",97,120,1999,1,0,1,1,NA
"476",97,121,1999,0,0,0,7,NA
"477",97,122,1999,0,0,0,9,NA
"478",97,122,1999,0,1,0,2,NA
"479",97,123,1999,0,0,0,5,NA
"480",97,124,1999,0,0,0,9,NA
"481",97,124,1999,0,1,0,2,NA
"482",97,125,1999,0,0,0,2,NA
"483",97,126,1999,0,0,0,2,NA
"484",97,127,1999,0,0,0,5,NA
"485",97,128,1999,0,0,0,2,NA
"486",97,130,1999,0,0,0,1,NA
"487",97,131,1999,0,0,0,1,NA
"488",97,133,1999,0,0,0,1,NA
"489",97,137,1999,0,0,0,2,NA
"490",97,142,1999,0,1,0,2,NA
"491",97,144,1999,0,0,0,2,NA
"492",97,144,1999,0,1,0,1,NA
"493",97,149,1999,0,1,0,2,NA
"494",97,155,1999,0,0,0,1,NA
"495",97,157,1999,0,1,0,2,NA
"496",97,158,1999,0,0,0,1,NA
"497",97,159,1999,0,1,0,2,NA
"498",97,160,1999,0,1,0,4,NA
"499",98,89,1999,0,0,0,5,NA
"500",98,90,1999,0,0,0,4,NA
"501",98,92,1999,0,0,0,1,NA
"502",98,93,1999,0,0,0,5,NA
"503",98,95,1999,0,0,0,1,NA
"504",98,96,1999,0,1,0,2,NA
"505",98,97,1999,0,0,0,2,NA
"506",98,98,1999,0,0,0,4,NA
"507",98,99,1999,0,0,0,2,NA
"508",98,100,1999,0,0,0,1,NA
"509",98,102,1999,0,0,0,1,NA
"510",98,103,1999,0,0,0,2,NA
"511",98,104,1999,0,0,0,1,NA
"512",98,105,1999,0,0,0,1,NA
"513",98,106,1999,0,0,0,2,NA
"514",98,106,1999,0,1,0,2,NA
"515",98,107,1999,0,0,0,4,NA
"516",98,107,1999,0,1,0,2,NA
"517",98,109,1999,0,0,0,2,NA
"518",98,109,1999,0,1,0,2,NA
"519",98,110,1999,0,0,0,8,NA
"520",98,110,1999,0,1,0,2,NA
"521",98,111,1999,0,0,0,15,NA
"522",98,111,1999,0,1,0,2,NA
"523",98,112,1999,0,0,0,11,NA
"524",98,112,1999,0,1,0,6,NA
"525",98,113,1999,0,0,0,5,NA
"526",98,113,1999,0,1,0,4,NA
"527",98,114,1999,0,0,0,2,NA
"528",98,114,1999,0,1,0,9,NA
"529",98,115,1999,0,0,0,3,NA
"530",98,115,1999,0,1,0,4,NA
"531",98,116,1999,0,0,0,6,NA
"532",98,116,1999,0,1,0,4,NA
"533",98,117,1999,0,0,0,13,NA
"534",98,117,1999,0,1,0,5,NA
"535",98,118,1999,0,0,0,20,NA
"536",98,118,1999,0,1,0,6,NA
"537",98,119,1999,0,0,0,8,NA
"538",98,119,1999,0,1,0,2,NA
"539",98,120,1999,0,0,0,4,NA
"540",98,121,1999,0,0,0,4,NA
"541",98,121,1999,0,1,0,2,NA
"542",98,122,1999,0,0,0,3,NA
"543",98,122,1999,0,1,0,2,NA
"544",98,123,1999,0,0,0,6,NA
"545",98,124,1999,0,0,0,10,NA
"546",98,125,1999,0,0,0,3,NA
"547",98,126,1999,0,0,0,5,NA
"548",98,126,1999,0,1,0,2,NA
"549",98,127,1999,0,0,0,3,NA
"550",98,128,1999,0,0,0,5,NA
"551",98,130,1999,0,0,0,1,NA
"552",98,131,1999,0,0,0,1,NA
"553",98,132,1999,0,1,0,2,NA
"554",98,133,1999,0,0,0,1,NA
"555",98,133,1999,0,1,0,2,NA
"556",98,139,1999,0,0,0,1,NA
"557",98,139,1999,0,1,0,2,NA
"558",98,142,1999,0,1,0,2,NA
"559",98,145,1999,0,1,0,2,NA
"560",98,146,1999,0,1,0,3,NA
"561",98,147,1999,0,1,0,2,NA
"562",98,151,1999,0,1,0,2,NA
"563",98,154,1999,0,1,0,2,NA
"564",98,156,1999,0,0,0,1,NA
"565",98,158,1999,0,0,0,2,NA
"566",98,158,1999,0,1,0,1,NA
"567",98,159,1999,0,0,0,2,NA
"568",98,159,1999,0,1,0,2,NA
"569",98,160,1999,0,0,0,1,NA
"570",99,89,1999,0,0,0,1,NA
"571",99,89,1999,0,1,0,2,NA
"572",99,90,1999,0,0,0,4,NA
"573",99,91,1999,0,0,0,9,NA
"574",99,91,1999,0,1,0,2,NA
"575",99,93,1999,0,0,0,2,NA
"576",99,93,1999,1,0,1,1,NA
"577",99,95,1999,0,0,0,1,NA
"578",99,97,1999,1,0,1,1,NA
"579",99,100,1999,0,0,0,2,NA
"580",99,103,1999,0,1,0,1,NA
"581",99,104,1999,0,0,0,1,NA
"582",99,104,1999,0,1,0,2,NA
"583",99,105,1999,0,0,0,2,NA
"584",99,106,1999,0,0,0,2,NA
"585",99,107,1999,0,0,0,3,NA
"586",99,109,1999,0,0,0,1,NA
"587",99,110,1999,0,0,0,14,NA
"588",99,110,1999,0,1,0,2,NA
"589",99,111,1999,0,0,0,9,NA
"590",99,111,1999,0,1,0,5,NA
"591",99,111,1999,1,0,1,1,NA
"592",99,112,1999,0,0,0,9,NA
"593",99,113,1999,0,0,0,8,NA
"594",99,113,1999,0,1,0,2,NA
"595",99,113,1999,1,0,2,2,NA
"596",99,114,1999,0,0,0,4,NA
"597",99,115,1999,0,0,0,7,NA
"598",99,116,1999,0,0,0,8,NA
"599",99,116,1999,0,1,0,6,NA
"600",99,117,1999,0,0,0,20,NA
"601",99,117,1999,0,1,0,4,NA
"602",99,117,1999,1,0,1,1,NA
"603",99,118,1999,0,0,0,15,NA
"604",99,118,1999,0,1,0,3,NA
"605",99,119,1999,0,0,0,6,NA
"606",99,119,1999,0,1,0,2,NA
"607",99,119,1999,1,1,2,2,NA
"608",99,120,1999,0,0,0,7,NA
"609",99,121,1999,0,0,0,4,NA
"610",99,122,1999,0,0,0,11,NA
"611",99,122,1999,0,1,0,4,NA
"612",99,123,1999,0,0,0,7,NA
"613",99,124,1999,0,0,0,13,NA
"614",99,124,1999,0,1,0,4,NA
"615",99,124,1999,1,0,1,1,NA
"616",99,125,1999,0,0,0,3,NA
"617",99,125,1999,0,1,0,2,NA
"618",99,126,1999,0,0,0,2,NA
"619",99,127,1999,0,0,0,3,NA
"620",99,128,1999,0,0,0,5,NA
"621",99,128,1999,0,1,0,2,NA
"622",99,129,1999,0,1,0,2,NA
"623",99,130,1999,0,0,0,1,NA
"624",99,130,1999,0,1,0,2,NA
"625",99,131,1999,0,0,0,2,NA
"626",99,132,1999,0,0,0,1,NA
"627",99,133,1999,0,0,0,1,NA
"628",99,139,1999,0,0,0,1,NA
"629",99,142,1999,0,1,0,2,NA
"630",99,143,1999,0,1,0,2,NA
"631",99,144,1999,0,1,0,2,NA
"632",99,146,1999,0,1,0,1,NA
"633",99,148,1999,0,1,0,1,NA
"634",99,149,1999,0,1,0,1,NA
"635",99,150,1999,0,1,0,1,NA
"636",99,156,1999,0,0,0,1,NA
"637",99,156,1999,0,1,0,2,NA
"638",99,158,1999,0,0,0,1,NA
"639",99,159,1999,0,0,0,2,NA
"640",100,89,1999,0,0,0,3,NA
"641",100,90,1999,0,0,0,1,NA
"642",100,91,1999,0,0,0,3,NA
"643",100,92,1999,0,0,0,4,NA
"644",100,93,1999,0,0,0,2,NA
"645",100,95,1999,0,0,0,2,NA
"646",100,96,1999,0,0,0,1,NA
"647",100,96,1999,0,1,0,2,NA
"648",100,97,1999,0,0,0,3,NA
"649",100,98,1999,0,0,0,5,NA
"650",100,99,1999,0,0,0,1,NA
"651",100,99,1999,0,1,0,1,NA
"652",100,102,1999,0,0,0,2,NA
"653",100,103,1999,1,1,2,2,NA
"654",100,104,1999,0,0,0,1,NA
"655",100,105,1999,0,0,0,2,NA
"656",100,106,1999,0,0,0,1,NA
"657",100,107,1999,0,0,0,4,NA
"658",100,109,1999,0,0,0,4,NA
"659",100,109,1999,0,1,0,1,NA
"660",100,110,1999,0,0,0,13,NA
"661",100,111,1999,0,0,0,8,NA
"662",100,111,1999,0,1,0,10,NA
"663",100,112,1999,0,0,0,16,NA
"664",100,112,1999,0,1,0,7,NA
"665",100,113,1999,0,0,0,12,NA
"666",100,113,1999,0,1,0,9,NA
"667",100,113,1999,1,1,2,2,NA
"668",100,114,1999,0,0,0,10,NA
"669",100,115,1999,0,0,0,17,NA
"670",100,115,1999,0,1,0,2,NA
"671",100,116,1999,0,0,0,11,NA
"672",100,116,1999,0,1,0,4,NA
"673",100,117,1999,0,0,0,33,NA
"674",100,117,1999,0,1,0,2,NA
"675",100,118,1999,0,0,0,31,NA
"676",100,118,1999,0,1,0,12,NA
"677",100,118,1999,1,0,1,1,NA
"678",100,119,1999,0,0,0,4,NA
"679",100,119,1999,0,1,0,6,NA
"680",100,120,1999,0,0,0,9,NA
"681",100,120,1999,0,1,0,2,NA
"682",100,121,1999,0,0,0,6,NA
"683",100,122,1999,0,0,0,6,NA
"684",100,123,1999,0,0,0,7,NA
"685",100,124,1999,0,0,0,14,NA
"686",100,124,1999,0,1,0,3,NA
"687",100,125,1999,0,0,0,3,NA
"688",100,126,1999,0,0,0,2,NA
"689",100,127,1999,0,0,0,5,NA
"690",100,127,1999,0,1,0,2,NA
"691",100,128,1999,0,0,0,5,NA
"692",100,130,1999,0,0,0,2,NA
"693",100,131,1999,0,0,0,1,NA
"694",100,138,1999,0,0,0,1,NA
"695",100,138,1999,0,1,0,4,NA
"696",100,140,1999,0,1,0,2,NA
"697",100,142,1999,0,1,0,2,NA
"698",100,143,1999,0,1,0,2,NA
"699",100,145,1999,0,0,0,1,NA
"700",100,145,1999,0,1,0,4,NA
"701",100,146,1999,0,1,0,1,NA
"702",100,152,1999,0,1,0,2,NA
"703",100,158,1999,0,0,0,2,NA
"704",100,159,1999,0,0,0,4,NA
"705",101,89,1999,0,0,0,5,NA
"706",101,89,1999,1,0,1,1,NA
"707",101,90,1999,0,0,0,4,NA
"708",101,91,1999,0,0,0,1,NA
"709",101,92,1999,0,0,0,3,NA
"710",101,93,1999,0,0,0,2,NA
"711",101,95,1999,0,0,0,2,NA
"712",101,97,1999,0,0,0,4,NA
"713",101,98,1999,0,0,0,4,NA
"714",101,98,1999,0,1,0,2,NA
"715",101,99,1999,0,0,0,2,NA
"716",101,101,1999,0,1,0,2,NA
"717",101,102,1999,0,0,0,4,NA
"718",101,103,1999,0,0,0,3,NA
"719",101,106,1999,0,0,0,4,NA
"720",101,107,1999,0,0,0,2,NA
"721",101,109,1999,0,0,0,4,NA
"722",101,109,1999,0,1,0,3,NA
"723",101,110,1999,0,0,0,18,NA
"724",101,110,1999,0,1,0,1,NA
"725",101,111,1999,0,0,0,12,NA
"726",101,111,1999,0,1,0,4,NA
"727",101,112,1999,0,0,0,10,NA
"728",101,112,1999,0,1,0,4,NA
"729",101,113,1999,0,0,0,13,NA
"730",101,113,1999,0,1,0,3,NA
"731",101,114,1999,0,0,0,9,NA
"732",101,114,1999,0,1,0,6,NA
"733",101,115,1999,0,0,0,12,NA
"734",101,115,1999,0,1,0,2,NA
"735",101,116,1999,0,0,0,7,NA
"736",101,116,1999,0,1,0,11,NA
"737",101,117,1999,0,0,0,26,NA
"738",101,117,1999,0,1,0,3,NA
"739",101,117,1999,1,0,1,1,NA
"740",101,118,1999,0,0,0,20,NA
"741",101,118,1999,0,1,0,4,NA
"742",101,118,1999,1,0,2,2,NA
"743",101,119,1999,0,0,0,12,NA
"744",101,119,1999,0,1,0,2,NA
"745",101,120,1999,0,0,0,8,NA
"746",101,120,1999,0,1,0,4,NA
"747",101,121,1999,0,0,0,8,NA
"748",101,122,1999,0,0,0,12,NA
"749",101,122,1999,0,1,0,9,NA
"750",101,123,1999,0,0,0,12,NA
"751",101,123,1999,0,1,0,2,NA
"752",101,124,1999,0,0,0,17,NA
"753",101,124,1999,0,1,0,4,NA
"754",101,125,1999,0,0,0,4,NA
"755",101,127,1999,0,0,0,8,NA
"756",101,127,1999,0,1,0,2,NA
"757",101,128,1999,0,0,0,7,NA
"758",101,129,1999,0,1,0,4,NA
"759",101,130,1999,0,0,0,1,NA
"760",101,131,1999,0,0,0,5,NA
"761",101,132,1999,0,1,0,1,NA
"762",101,133,1999,0,0,0,1,NA
"763",101,137,1999,0,0,0,1,NA
"764",101,138,1999,0,0,0,2,NA
"765",101,140,1999,0,1,0,2,NA
"766",101,142,1999,0,1,0,2,NA
"767",101,145,1999,0,0,0,3,NA
"768",101,145,1999,0,1,0,5,NA
"769",101,146,1999,0,0,0,2,NA
"770",101,146,1999,0,1,0,2,NA
"771",101,149,1999,0,1,0,1,NA
"772",101,156,1999,0,0,0,3,NA
"773",101,158,1999,0,0,0,1,NA
"774",101,159,1999,0,0,0,3,NA
"775",102,89,1999,0,0,0,2,NA
"776",102,90,1999,0,0,0,5,NA
"777",102,91,1999,0,0,0,5,NA
"778",102,92,1999,0,0,0,1,NA
"779",102,92,1999,0,1,0,2,NA
"780",102,93,1999,0,0,0,5,NA
"781",102,96,1999,0,1,0,2,NA
"782",102,97,1999,0,0,0,2,NA
"783",102,98,1999,0,0,0,1,NA
"784",102,99,1999,0,0,0,1,NA
"785",102,102,1999,0,0,0,1,NA
"786",102,103,1999,0,0,0,2,NA
"787",102,104,1999,0,0,0,3,NA
"788",102,105,1999,0,0,0,4,NA
"789",102,106,1999,0,0,0,3,NA
"790",102,106,1999,0,1,0,2,NA
"791",102,109,1999,0,0,0,3,NA
"792",102,109,1999,0,1,0,3,NA
"793",102,110,1999,0,0,0,27,NA
"794",102,110,1999,0,1,0,1,NA
"795",102,111,1999,0,0,0,12,NA
"796",102,111,1999,0,1,0,8,NA
"797",102,112,1999,0,0,0,13,NA
"798",102,112,1999,0,1,0,9,NA
"799",102,112,1999,1,0,2,2,NA
"800",102,113,1999,0,0,0,19,NA
"801",102,113,1999,0,1,0,8,NA
"802",102,114,1999,0,0,0,12,NA
"803",102,115,1999,0,0,0,18,NA
"804",102,115,1999,0,1,0,8,NA
"805",102,116,1999,0,0,0,17,NA
"806",102,117,1999,0,0,0,22,NA
"807",102,117,1999,0,1,0,2,NA
"808",102,118,1999,0,0,0,22,NA
"809",102,118,1999,0,1,0,4,NA
"810",102,119,1999,0,0,0,14,NA
"811",102,120,1999,0,0,0,8,NA
"812",102,120,1999,1,1,1,1,NA
"813",102,121,1999,0,0,0,11,NA
"814",102,122,1999,0,0,0,15,NA
"815",102,122,1999,0,1,0,4,NA
"816",102,123,1999,0,0,0,8,NA
"817",102,123,1999,0,1,0,4,NA
"818",102,123,1999,1,0,1,1,NA
"819",102,124,1999,0,0,0,14,NA
"820",102,124,1999,1,1,2,2,NA
"821",102,125,1999,0,0,0,4,NA
"822",102,125,1999,0,1,0,1,NA
"823",102,126,1999,0,0,0,3,NA
"824",102,127,1999,0,0,0,6,NA
"825",102,128,1999,0,0,0,6,NA
"826",102,130,1999,0,0,0,1,NA
"827",102,131,1999,0,0,0,3,NA
"828",102,132,1999,0,0,0,1,NA
"829",102,133,1999,0,0,0,2,NA
"830",102,134,1999,0,0,0,1,NA
"831",102,137,1999,0,0,0,2,NA
"832",102,142,1999,0,1,0,2,NA
"833",102,144,1999,0,1,0,4,NA
"834",102,145,1999,0,0,0,2,NA
"835",102,145,1999,0,1,0,2,NA
"836",102,146,1999,0,0,0,1,NA
"837",102,147,1999,0,1,0,2,NA
"838",102,148,1999,0,1,0,1,NA
"839",102,149,1999,0,1,0,1,NA
"840",102,150,1999,0,1,0,1,NA
"841",102,156,1999,0,0,0,1,NA
"842",102,158,1999,0,0,0,2,NA
"843",102,159,1999,0,0,0,3,NA
"844",102,159,1999,0,1,0,2,NA
"845",103,89,1999,0,0,0,7,NA
"846",103,90,1999,0,0,0,4,NA
"847",103,91,1999,0,0,0,4,NA
"848",103,92,1999,0,0,0,4,NA
"849",103,92,1999,0,1,0,2,NA
"850",103,93,1999,0,0,0,3,NA
"851",103,95,1999,0,0,0,1,NA
"852",103,96,1999,0,0,0,1,NA
"853",103,97,1999,0,0,0,9,NA
"854",103,98,1999,0,0,0,4,NA
"855",103,99,1999,0,0,0,1,NA
"856",103,99,1999,1,0,1,1,NA
"857",103,100,1999,0,0,0,2,NA
"858",103,102,1999,0,0,0,1,NA
"859",103,102,1999,0,1,0,1,NA
"860",103,105,1999,0,0,0,2,NA
"861",103,106,1999,0,0,0,1,NA
"862",103,107,1999,0,0,0,4,NA
"863",103,108,1999,0,1,0,2,NA
"864",103,109,1999,0,0,0,5,NA
"865",103,109,1999,1,0,1,1,NA
"866",103,110,1999,0,0,0,23,NA
"867",103,110,1999,0,1,0,2,NA
"868",103,111,1999,0,0,0,15,NA
"869",103,111,1999,0,1,0,2,NA
"870",103,112,1999,0,0,0,22,NA
"871",103,112,1999,0,1,0,13,NA
"872",103,113,1999,0,0,0,16,NA
"873",103,113,1999,1,1,2,2,NA
"874",103,114,1999,0,0,0,11,NA
"875",103,114,1999,0,1,0,3,NA
"876",103,115,1999,0,0,0,26,NA
"877",103,115,1999,0,1,0,4,NA
"878",103,115,1999,1,0,1,1,NA
"879",103,116,1999,0,0,0,12,NA
"880",103,116,1999,0,1,0,4,NA
"881",103,116,1999,1,0,1,1,NA
"882",103,117,1999,0,0,0,32,NA
"883",103,117,1999,0,1,0,4,NA
"884",103,118,1999,0,0,0,30,NA
"885",103,118,1999,0,1,0,4,NA
"886",103,119,1999,0,0,0,16,NA
"887",103,120,1999,0,0,0,20,NA
"888",103,120,1999,0,1,0,1,NA
"889",103,120,1999,1,0,3,3,NA
"890",103,121,1999,0,0,0,12,NA
"891",103,121,1999,0,1,0,2,NA
"892",103,122,1999,0,0,0,13,NA
"893",103,122,1999,0,1,0,1,NA
"894",103,122,1999,1,0,1,1,NA
"895",103,123,1999,0,0,0,19,NA
"896",103,123,1999,0,1,0,4,NA
"897",103,124,1999,0,0,0,15,NA
"898",103,124,1999,0,1,0,2,NA
"899",103,125,1999,0,0,0,9,NA
"900",103,126,1999,0,0,0,3,NA
"901",103,126,1999,0,1,0,2,NA
"902",103,127,1999,0,0,0,3,NA
"903",103,128,1999,0,0,0,8,NA
"904",103,129,1999,0,1,0,2,NA
"905",103,130,1999,0,0,0,5,NA
"906",103,131,1999,0,0,0,1,NA
"907",103,132,1999,0,0,0,1,NA
"908",103,133,1999,0,0,0,1,NA
"909",103,137,1999,0,0,0,1,NA
"910",103,139,1999,0,0,0,2,NA
"911",103,141,1999,0,0,0,1,NA
"912",103,142,1999,0,1,0,4,NA
"913",103,143,1999,0,1,0,2,NA
"914",103,144,1999,0,0,0,3,NA
"915",103,144,1999,0,1,0,1,NA
"916",103,145,1999,0,0,0,3,NA
"917",103,146,1999,0,0,0,5,NA
"918",103,146,1999,0,1,0,2,NA
"919",103,149,1999,0,1,0,1,NA
"920",103,156,1999,0,0,0,2,NA
"921",103,158,1999,0,0,0,8,NA
"922",103,159,1999,0,0,0,4,NA
"923",103,159,1999,0,1,0,2,NA
"924",103,160,1999,0,1,0,1,NA
"925",104,89,1999,0,0,0,6,NA
"926",104,90,1999,0,0,0,6,NA
"927",104,90,1999,0,1,0,3,NA
"928",104,91,1999,0,0,0,2,NA
"929",104,92,1999,0,0,0,3,NA
"930",104,93,1999,0,0,0,5,NA
"931",104,96,1999,0,0,0,2,NA
"932",104,97,1999,0,0,0,5,NA
"933",104,97,1999,0,1,0,2,NA
"934",104,98,1999,0,0,0,2,NA
"935",104,99,1999,0,0,0,5,NA
"936",104,100,1999,0,0,0,8,NA
"937",104,102,1999,0,0,0,1,NA
"938",104,102,1999,0,1,0,1,NA
"939",104,103,1999,0,0,0,1,NA
"940",104,104,1999,0,0,0,3,NA
"941",104,104,1999,0,1,0,2,NA
"942",104,105,1999,0,0,0,5,NA
"943",104,106,1999,0,0,0,4,NA
"944",104,107,1999,0,0,0,7,NA
"945",104,108,1999,0,1,0,2,NA
"946",104,109,1999,0,0,0,7,NA
"947",104,109,1999,0,1,0,4,NA
"948",104,110,1999,0,0,0,23,NA
"949",104,110,1999,0,1,0,3,NA
"950",104,111,1999,0,0,0,27,NA
"951",104,111,1999,0,1,0,4,NA
"952",104,112,1999,0,0,0,30,NA
"953",104,112,1999,0,1,0,4,NA
"954",104,113,1999,0,0,0,19,NA
"955",104,114,1999,0,0,0,17,NA
"956",104,115,1999,0,0,0,15,NA
"957",104,115,1999,0,1,0,4,NA
"958",104,115,1999,1,0,1,1,NA
"959",104,116,1999,0,0,0,17,NA
"960",104,116,1999,0,1,0,6,NA
"961",104,117,1999,0,0,0,40,NA
"962",104,117,1999,0,1,0,2,NA
"963",104,117,1999,1,0,4,4,NA
"964",104,118,1999,0,0,0,24,NA
"965",104,118,1999,0,1,0,16,NA
"966",104,119,1999,0,0,0,15,NA
"967",104,119,1999,0,1,0,3,NA
"968",104,120,1999,0,0,0,10,NA
"969",104,120,1999,1,0,1,1,NA
"970",104,121,1999,0,0,0,8,NA
"971",104,121,1999,0,1,0,6,NA
"972",104,122,1999,0,0,0,18,NA
"973",104,122,1999,0,1,0,2,NA
"974",104,123,1999,0,0,0,17,NA
"975",104,124,1999,0,0,0,39,NA
"976",104,124,1999,0,1,0,2,NA
"977",104,125,1999,0,0,0,6,NA
"978",104,126,1999,0,0,0,1,NA
"979",104,127,1999,0,0,0,12,NA
"980",104,127,1999,0,1,0,4,NA
"981",104,128,1999,0,0,0,5,NA
"982",104,130,1999,0,0,0,6,NA
"983",104,131,1999,0,0,0,5,NA
"984",104,131,1999,0,1,0,4,NA
"985",104,133,1999,0,0,0,4,NA
"986",104,133,1999,0,1,0,2,NA
"987",104,134,1999,0,1,0,2,NA
"988",104,137,1999,0,0,0,2,NA
"989",104,137,1999,0,1,0,2,NA
"990",104,139,1999,0,0,0,2,NA
"991",104,139,1999,0,1,0,2,NA
"992",104,140,1999,0,0,0,1,NA
"993",104,141,1999,0,0,0,1,NA
"994",104,143,1999,0,1,0,2,NA
"995",104,144,1999,0,0,0,1,NA
"996",104,145,1999,0,0,0,1,NA
"997",104,145,1999,0,1,0,2,NA
"998",104,146,1999,0,0,0,4,NA
"999",104,147,1999,0,1,0,2,NA
"1000",104,155,1999,0,0,0,1,NA
"1001",104,156,1999,0,0,0,3,NA
"1002",104,157,1999,0,1,0,2,NA
"1003",104,158,1999,0,0,0,5,NA
"1004",104,159,1999,0,0,0,3,NA
"1005",104,159,1999,0,1,0,3,NA
"1006",104,160,1999,0,0,0,1,NA
"1007",105,89,1999,0,0,0,5,NA
"1008",105,90,1999,0,0,0,9,NA
"1009",105,90,1999,1,0,1,1,NA
"1010",105,91,1999,0,0,0,8,NA
"1011",105,92,1999,0,0,0,3,NA
"1012",105,93,1999,0,0,0,4,NA
"1013",105,95,1999,0,0,0,2,NA
"1014",105,96,1999,0,0,0,2,NA
"1015",105,97,1999,0,0,0,6,NA
"1016",105,97,1999,0,1,0,2,NA
"1017",105,98,1999,0,0,0,3,NA
"1018",105,99,1999,0,0,0,3,NA
"1019",105,100,1999,0,0,0,4,NA
"1020",105,102,1999,0,0,0,2,NA
"1021",105,102,1999,0,1,0,1,NA
"1022",105,103,1999,0,0,0,5,NA
"1023",105,104,1999,0,0,0,4,NA
"1024",105,105,1999,0,0,0,3,NA
"1025",105,106,1999,0,0,0,5,NA
"1026",105,107,1999,0,0,0,2,NA
"1027",105,109,1999,0,0,0,6,NA
"1028",105,109,1999,0,1,0,6,NA
"1029",105,110,1999,0,0,0,34,NA
"1030",105,110,1999,0,1,0,2,NA
"1031",105,111,1999,0,0,0,30,NA
"1032",105,111,1999,0,1,0,3,NA
"1033",105,112,1999,0,0,0,29,NA
"1034",105,112,1999,0,1,0,5,NA
"1035",105,112,1999,1,0,1,1,NA
"1036",105,113,1999,0,0,0,26,NA
"1037",105,113,1999,0,1,0,4,NA
"1038",105,113,1999,1,0,1,1,NA
"1039",105,114,1999,0,0,0,16,NA
"1040",105,115,1999,0,0,0,12,NA
"1041",105,115,1999,0,1,0,6,NA
"1042",105,116,1999,0,0,0,21,NA
"1043",105,116,1999,0,1,0,4,NA
"1044",105,116,1999,1,0,1,1,NA
"1045",105,117,1999,0,0,0,35,NA
"1046",105,117,1999,0,1,0,4,NA
"1047",105,118,1999,0,0,0,36,NA
"1048",105,118,1999,0,1,0,4,NA
"1049",105,119,1999,0,0,0,18,NA
"1050",105,119,1999,0,1,0,2,NA
"1051",105,120,1999,0,0,0,10,NA
"1052",105,120,1999,0,1,0,4,NA
"1053",105,120,1999,1,0,1,1,NA
"1054",105,121,1999,0,0,0,19,NA
"1055",105,121,1999,0,1,0,4,NA
"1056",105,121,1999,1,0,1,1,NA
"1057",105,122,1999,0,0,0,29,NA
"1058",105,123,1999,0,0,0,12,NA
"1059",105,123,1999,0,1,0,3,NA
"1060",105,124,1999,0,0,0,23,NA
"1061",105,124,1999,0,1,0,4,NA
"1062",105,125,1999,0,0,0,7,NA
"1063",105,126,1999,0,0,0,5,NA
"1064",105,127,1999,0,0,0,12,NA
"1065",105,127,1999,0,1,0,4,NA
"1066",105,128,1999,0,0,0,14,NA
"1067",105,130,1999,0,0,0,10,NA
"1068",105,131,1999,0,0,0,6,NA
"1069",105,131,1999,0,1,0,3,NA
"1070",105,132,1999,0,0,0,1,NA
"1071",105,133,1999,0,0,0,3,NA
"1072",105,133,1999,0,1,0,2,NA
"1073",105,134,1999,0,0,0,1,NA
"1074",105,137,1999,0,0,0,3,NA
"1075",105,137,1999,0,1,0,2,NA
"1076",105,138,1999,0,0,0,1,NA
"1077",105,139,1999,0,0,0,3,NA
"1078",105,139,1999,0,1,0,4,NA
"1079",105,141,1999,0,0,0,2,NA
"1080",105,142,1999,0,1,0,2,NA
"1081",105,144,1999,0,0,0,1,NA
"1082",105,144,1999,0,1,0,2,NA
"1083",105,145,1999,0,0,0,3,NA
"1084",105,146,1999,0,0,0,2,NA
"1085",105,146,1999,0,1,0,7,NA
"1086",105,147,1999,0,1,0,1,NA
"1087",105,148,1999,0,1,0,1,NA
"1088",105,155,1999,0,0,0,2,NA
"1089",105,156,1999,0,0,0,2,NA
"1090",105,156,1999,0,1,0,2,NA
"1091",105,158,1999,0,0,0,1,NA
"1092",105,158,1999,0,1,0,4,NA
"1093",105,159,1999,0,0,0,13,NA
"1094",106,88,1999,0,1,0,2,NA
"1095",106,89,1999,0,0,0,5,NA
"1096",106,90,1999,0,0,0,2,NA
"1097",106,91,1999,0,0,0,5,NA
"1098",106,91,1999,1,0,1,1,NA
"1099",106,92,1999,0,0,0,1,NA
"1100",106,93,1999,0,0,0,3,NA
"1101",106,95,1999,0,0,0,1,NA
"1102",106,96,1999,0,0,0,1,NA
"1103",106,97,1999,0,0,0,3,NA
"1104",106,98,1999,0,0,0,3,NA
"1105",106,98,1999,0,1,0,2,NA
"1106",106,99,1999,0,0,0,3,NA
"1107",106,100,1999,0,0,0,4,NA
"1108",106,102,1999,0,0,0,2,NA
"1109",106,104,1999,0,0,0,5,NA
"1110",106,105,1999,0,0,0,7,NA
"1111",106,106,1999,0,0,0,3,NA
"1112",106,107,1999,0,0,0,2,NA
"1113",106,109,1999,0,0,0,8,NA
"1114",106,109,1999,0,1,0,6,NA
"1115",106,110,1999,0,0,0,35,NA
"1116",106,110,1999,0,1,0,7,NA
"1117",106,111,1999,0,0,0,33,NA
"1118",106,111,1999,0,1,0,6,NA
"1119",106,112,1999,0,0,0,25,NA
"1120",106,112,1999,0,1,0,12,NA
"1121",106,112,1999,1,0,1,1,NA
"1122",106,113,1999,0,0,0,21,NA
"1123",106,113,1999,0,1,0,3,NA
"1124",106,114,1999,0,0,0,14,NA
"1125",106,114,1999,0,1,0,1,NA
"1126",106,114,1999,1,0,3,3,NA
"1127",106,115,1999,0,0,0,26,NA
"1128",106,115,1999,0,1,0,2,NA
"1129",106,116,1999,0,0,0,25,NA
"1130",106,116,1999,0,1,0,7,NA
"1131",106,117,1999,0,0,0,35,NA
"1132",106,117,1999,0,1,0,8,NA
"1133",106,117,1999,1,1,2,2,NA
"1134",106,118,1999,0,0,0,41,NA
"1135",106,118,1999,0,1,0,4,NA
"1136",106,119,1999,0,0,0,20,NA
"1137",106,119,1999,0,1,0,2,NA
"1138",106,120,1999,0,0,0,17,NA
"1139",106,120,1999,0,1,0,4,NA
"1140",106,121,1999,0,0,0,15,NA
"1141",106,121,1999,1,0,1,1,NA
"1142",106,122,1999,0,0,0,20,NA
"1143",106,122,1999,0,1,0,6,NA
"1144",106,122,1999,1,0,1,1,NA
"1145",106,123,1999,0,0,0,14,NA
"1146",106,123,1999,0,1,0,4,NA
"1147",106,123,1999,1,0,1,1,NA
"1148",106,124,1999,0,0,0,30,NA
"1149",106,124,1999,0,1,0,4,NA
"1150",106,125,1999,0,0,0,7,NA
"1151",106,125,1999,0,1,0,2,NA
"1152",106,125,1999,1,1,2,2,NA
"1153",106,126,1999,0,0,0,4,NA
"1154",106,127,1999,0,0,0,15,NA
"1155",106,127,1999,0,1,0,2,NA
"1156",106,128,1999,0,0,0,11,NA
"1157",106,128,1999,0,1,0,2,NA
"1158",106,128,1999,1,0,2,2,NA
"1159",106,130,1999,0,0,0,4,NA
"1160",106,131,1999,0,0,0,3,NA
"1161",106,132,1999,0,0,0,4,NA
"1162",106,133,1999,0,0,0,4,NA
"1163",106,134,1999,0,0,0,1,NA
"1164",106,137,1999,0,0,0,3,NA
"1165",106,137,1999,0,1,0,2,NA
"1166",106,138,1999,0,0,0,1,NA
"1167",106,139,1999,0,0,0,4,NA
"1168",106,140,1999,0,1,0,4,NA
"1169",106,141,1999,0,0,0,3,NA
"1170",106,142,1999,0,1,0,2,NA
"1171",106,144,1999,0,0,0,3,NA
"1172",106,144,1999,0,1,0,2,NA
"1173",106,145,1999,0,0,0,2,NA
"1174",106,146,1999,0,0,0,3,NA
"1175",106,156,1999,0,0,0,3,NA
"1176",106,158,1999,0,0,0,6,NA
"1177",106,158,1999,0,1,0,2,NA
"1178",106,159,1999,0,0,0,11,NA
"1179",106,160,1999,0,1,0,2,NA
"1180",107,89,1999,0,0,0,6,NA
"1181",107,90,1999,0,0,0,8,NA
"1182",107,91,1999,0,0,0,3,NA
"1183",107,92,1999,0,0,0,1,NA
"1184",107,93,1999,0,0,0,2,NA
"1185",107,95,1999,0,0,0,1,NA
"1186",107,95,1999,0,1,0,2,NA
"1187",107,96,1999,0,0,0,2,NA
"1188",107,97,1999,0,0,0,5,NA
"1189",107,97,1999,0,1,0,2,NA
"1190",107,98,1999,0,0,0,7,NA
"1191",107,99,1999,0,0,0,5,NA
"1192",107,99,1999,0,1,0,2,NA
"1193",107,100,1999,0,0,0,3,NA
"1194",107,102,1999,0,0,0,1,NA
"1195",107,103,1999,0,0,0,1,NA
"1196",107,104,1999,0,0,0,3,NA
"1197",107,105,1999,0,0,0,2,NA
"1198",107,106,1999,0,0,0,3,NA
"1199",107,107,1999,0,0,0,5,NA
"1200",107,108,1999,0,1,0,2,NA
"1201",107,109,1999,0,0,0,14,NA
"1202",107,109,1999,0,1,0,4,NA
"1203",107,110,1999,0,0,0,30,NA
"1204",107,110,1999,0,1,0,4,NA
"1205",107,111,1999,0,0,0,19,NA
"1206",107,111,1999,0,1,0,13,NA
"1207",107,112,1999,0,0,0,21,NA
"1208",107,112,1999,0,1,0,6,NA
"1209",107,112,1999,1,0,1,1,NA
"1210",107,113,1999,0,0,0,20,NA
"1211",107,114,1999,0,0,0,8,NA
"1212",107,114,1999,0,1,0,4,NA
"1213",107,114,1999,1,1,2,2,NA
"1214",107,115,1999,0,0,0,17,NA
"1215",107,115,1999,0,1,0,10,NA
"1216",107,116,1999,0,0,0,18,NA
"1217",107,116,1999,0,1,0,4,NA
"1218",107,116,1999,1,0,2,2,NA
"1219",107,117,1999,0,0,0,47,NA
"1220",107,117,1999,0,1,0,2,NA
"1221",107,118,1999,0,0,0,31,NA
"1222",107,118,1999,0,1,0,8,NA
"1223",107,118,1999,1,0,2,2,NA
"1224",107,119,1999,0,0,0,17,NA
"1225",107,119,1999,0,1,0,8,NA
"1226",107,120,1999,0,0,0,15,NA
"1227",107,121,1999,0,0,0,11,NA
"1228",107,121,1999,0,1,0,4,NA
"1229",107,121,1999,1,1,1,1,NA
"1230",107,122,1999,0,0,0,10,NA
"1231",107,122,1999,0,1,0,2,NA
"1232",107,122,1999,1,0,2,2,NA
"1233",107,123,1999,0,0,0,14,NA
"1234",107,123,1999,0,1,0,8,NA
"1235",107,124,1999,0,0,0,37,NA
"1236",107,124,1999,1,0,1,1,NA
"1237",107,125,1999,0,0,0,15,NA
"1238",107,125,1999,0,1,0,6,NA
"1239",107,125,1999,1,0,1,1,NA
"1240",107,126,1999,0,0,0,1,NA
"1241",107,126,1999,0,1,0,4,NA
"1242",107,127,1999,0,0,0,7,NA
"1243",107,128,1999,0,0,0,5,NA
"1244",107,129,1999,0,1,0,4,NA
"1245",107,130,1999,0,0,0,5,NA
"1246",107,130,1999,0,1,0,2,NA
"1247",107,131,1999,0,0,0,5,NA
"1248",107,132,1999,0,1,0,4,NA
"1249",107,133,1999,0,0,0,1,NA
"1250",107,134,1999,0,0,0,2,NA
"1251",107,135,1999,0,1,0,2,NA
"1252",107,137,1999,0,0,0,2,NA
"1253",107,137,1999,0,1,0,2,NA
"1254",107,138,1999,0,0,0,1,NA
"1255",107,139,1999,0,0,0,2,NA
"1256",107,140,1999,1,1,2,2,NA
"1257",107,141,1999,0,1,0,2,NA
"1258",107,144,1999,0,1,0,2,NA
"1259",107,145,1999,0,0,0,2,NA
"1260",107,145,1999,0,1,0,2,NA
"1261",107,146,1999,0,0,0,1,NA
"1262",107,146,1999,0,1,0,4,NA
"1263",107,147,1999,0,1,0,3,NA
"1264",107,148,1999,0,1,0,1,NA
"1265",107,155,1999,0,0,0,2,NA
"1266",107,156,1999,0,0,0,2,NA
"1267",107,158,1999,0,0,0,7,NA
"1268",107,158,1999,0,1,0,2,NA
"1269",107,159,1999,0,0,0,6,NA
"1270",108,88,1999,0,1,0,2,NA
"1271",108,89,1999,0,0,0,3,NA
"1272",108,90,1999,0,0,0,3,NA
"1273",108,90,1999,0,1,0,2,NA
"1274",108,91,1999,0,0,0,5,NA
"1275",108,92,1999,0,0,0,4,NA
"1276",108,93,1999,0,0,0,2,NA
"1277",108,95,1999,0,0,0,2,NA
"1278",108,96,1999,0,0,0,1,NA
"1279",108,97,1999,0,0,0,5,NA
"1280",108,98,1999,0,0,0,3,NA
"1281",108,98,1999,0,1,0,1,NA
"1282",108,99,1999,0,0,0,3,NA
"1283",108,100,1999,0,0,0,3,NA
"1284",108,102,1999,1,0,1,1,NA
"1285",108,103,1999,0,0,0,3,NA
"1286",108,103,1999,0,1,0,2,NA
"1287",108,104,1999,0,0,0,3,NA
"1288",108,104,1999,0,1,0,2,NA
"1289",108,105,1999,0,0,0,2,NA
"1290",108,106,1999,0,0,0,5,NA
"1291",108,107,1999,0,0,0,4,NA
"1292",108,109,1999,0,0,0,6,NA
"1293",108,109,1999,0,1,0,2,NA
"1294",108,110,1999,0,0,0,21,NA
"1295",108,110,1999,0,1,0,4,NA
"1296",108,111,1999,0,0,0,31,NA
"1297",108,111,1999,0,1,0,3,NA
"1298",108,112,1999,0,0,0,27,NA
"1299",108,112,1999,0,1,0,14,NA
"1300",108,113,1999,0,0,0,28,NA
"1301",108,113,1999,0,1,0,10,NA
"1302",108,114,1999,0,0,0,17,NA
"1303",108,114,1999,0,1,0,2,NA
"1304",108,115,1999,0,0,0,13,NA
"1305",108,115,1999,0,1,0,6,NA
"1306",108,116,1999,0,0,0,19,NA
"1307",108,116,1999,0,1,0,2,NA
"1308",108,116,1999,1,1,1,1,NA
"1309",108,117,1999,0,0,0,45,NA
"1310",108,117,1999,0,1,0,12,NA
"1311",108,117,1999,1,1,2,2,NA
"1312",108,118,1999,0,0,0,22,NA
"1313",108,118,1999,0,1,0,8,NA
"1314",108,119,1999,0,0,0,20,NA
"1315",108,119,1999,0,1,0,6,NA
"1316",108,120,1999,0,0,0,22,NA
"1317",108,120,1999,0,1,0,2,NA
"1318",108,120,1999,1,0,1,1,NA
"1319",108,121,1999,0,0,0,10,NA
"1320",108,121,1999,0,1,0,6,NA
"1321",108,122,1999,0,0,0,15,NA
"1322",108,122,1999,0,1,0,2,NA
"1323",108,123,1999,0,0,0,10,NA
"1324",108,123,1999,0,1,0,2,NA
"1325",108,124,1999,0,0,0,25,NA
"1326",108,124,1999,0,1,0,4,NA
"1327",108,125,1999,0,0,0,7,NA
"1328",108,125,1999,0,1,0,3,NA
"1329",108,126,1999,0,0,0,8,NA
"1330",108,127,1999,0,0,0,11,NA
"1331",108,127,1999,0,1,0,2,NA
"1332",108,128,1999,0,0,0,3,NA
"1333",108,128,1999,0,1,0,1,NA
"1334",108,129,1999,0,1,0,2,NA
"1335",108,130,1999,0,0,0,2,NA
"1336",108,130,1999,0,1,0,3,NA
"1337",108,131,1999,0,0,0,8,NA
"1338",108,131,1999,1,1,1,1,NA
"1339",108,133,1999,0,0,0,3,NA
"1340",108,133,1999,0,1,0,2,NA
"1341",108,135,1999,0,1,0,4,NA
"1342",108,137,1999,0,0,0,2,NA
"1343",108,138,1999,0,0,0,2,NA
"1344",108,139,1999,0,0,0,1,NA
"1345",108,140,1999,0,0,0,2,NA
"1346",108,140,1999,0,1,0,2,NA
"1347",108,143,1999,0,1,0,2,NA
"1348",108,144,1999,0,0,0,2,NA
"1349",108,145,1999,0,0,0,2,NA
"1350",108,146,1999,0,0,0,4,NA
"1351",108,147,1999,0,1,0,1,NA
"1352",108,155,1999,0,0,0,1,NA
"1353",108,158,1999,0,0,0,4,NA
"1354",108,159,1999,0,0,0,7,NA
"1355",108,160,1999,0,0,0,2,NA
"1356",109,87,1999,0,1,0,1,NA
"1357",109,89,1999,0,0,0,2,NA
"1358",109,90,1999,0,0,0,3,NA
"1359",109,90,1999,0,1,0,4,NA
"1360",109,91,1999,0,0,0,2,NA
"1361",109,92,1999,0,0,0,1,NA
"1362",109,95,1999,0,0,0,3,NA
"1363",109,96,1999,0,0,0,1,NA
"1364",109,97,1999,0,0,0,4,NA
"1365",109,98,1999,0,0,0,1,NA
"1366",109,99,1999,0,1,0,4,NA
"1367",109,100,1999,0,0,0,3,NA
"1368",109,102,1999,0,0,0,2,NA
"1369",109,104,1999,0,1,0,3,NA
"1370",109,105,1999,0,0,0,2,NA
"1371",109,106,1999,0,0,0,3,NA
"1372",109,107,1999,0,0,0,3,NA
"1373",109,108,1999,0,1,0,2,NA
"1374",109,109,1999,0,0,0,7,NA
"1375",109,109,1999,0,1,0,3,NA
"1376",109,109,1999,1,0,1,1,NA
"1377",109,110,1999,0,0,0,40,NA
"1378",109,110,1999,0,1,0,2,NA
"1379",109,111,1999,0,0,0,20,NA
"1380",109,111,1999,0,1,0,6,NA
"1381",109,112,1999,0,0,0,25,NA
"1382",109,112,1999,0,1,0,8,NA
"1383",109,113,1999,0,0,0,25,NA
"1384",109,113,1999,0,1,0,6,NA
"1385",109,114,1999,0,0,0,17,NA
"1386",109,114,1999,0,1,0,8,NA
"1387",109,115,1999,0,0,0,21,NA
"1388",109,116,1999,0,0,0,17,NA
"1389",109,116,1999,0,1,0,11,NA
"1390",109,116,1999,1,0,1,1,NA
"1391",109,116,1999,1,1,2,2,NA
"1392",109,117,1999,0,0,0,29,NA
"1393",109,117,1999,0,1,0,15,NA
"1394",109,118,1999,0,0,0,30,NA
"1395",109,118,1999,0,1,0,7,NA
"1396",109,118,1999,1,0,1,1,NA
"1397",109,119,1999,0,0,0,11,NA
"1398",109,119,1999,0,1,0,6,NA
"1399",109,120,1999,0,0,0,21,NA
"1400",109,120,1999,0,1,0,3,NA
"1401",109,121,1999,0,0,0,10,NA
"1402",109,122,1999,0,0,0,17,NA
"1403",109,122,1999,1,0,1,1,NA
"1404",109,123,1999,0,0,0,16,NA
"1405",109,123,1999,0,1,0,4,NA
"1406",109,123,1999,1,0,1,1,NA
"1407",109,124,1999,0,0,0,19,NA
"1408",109,124,1999,1,1,2,2,NA
"1409",109,125,1999,0,0,0,7,NA
"1410",109,126,1999,0,0,0,6,NA
"1411",109,126,1999,0,1,0,2,NA
"1412",109,127,1999,0,0,0,6,NA
"1413",109,128,1999,0,0,0,8,NA
"1414",109,128,1999,1,0,1,1,NA
"1415",109,130,1999,0,0,0,1,NA
"1416",109,130,1999,0,1,0,2,NA
"1417",109,131,1999,0,0,0,4,NA
"1418",109,132,1999,0,0,0,1,NA
"1419",109,133,1999,0,0,0,3,NA
"1420",109,137,1999,0,0,0,1,NA
"1421",109,138,1999,0,0,0,2,NA
"1422",109,139,1999,0,0,0,4,NA
"1423",109,139,1999,0,1,0,2,NA
"1424",109,140,1999,0,0,0,1,NA
"1425",109,141,1999,0,0,0,2,NA
"1426",109,141,1999,0,1,0,1,NA
"1427",109,142,1999,0,1,0,1,NA
"1428",109,144,1999,0,0,0,2,NA
"1429",109,144,1999,0,1,0,7,NA
"1430",109,145,1999,0,0,0,1,NA
"1431",109,145,1999,0,1,0,2,NA
"1432",109,146,1999,0,0,0,1,NA
"1433",109,149,1999,0,1,0,1,NA
"1434",109,150,1999,0,1,0,2,NA
"1435",109,151,1999,0,1,0,2,NA
"1436",109,155,1999,0,0,0,1,NA
"1437",109,156,1999,0,0,0,2,NA
"1438",109,156,1999,0,1,0,1,NA
"1439",109,158,1999,0,0,0,2,NA
"1440",109,158,1999,0,1,0,2,NA
"1441",109,159,1999,0,0,0,5,NA
"1442",109,159,1999,0,1,0,1,NA
"1443",109,160,1999,0,0,0,1,NA
"1444",110,89,1999,0,0,0,2,NA
"1445",110,90,1999,0,0,0,3,NA
"1446",110,91,1999,0,0,0,1,NA
"1447",110,92,1999,0,0,0,1,NA
"1448",110,93,1999,0,0,0,2,NA
"1449",110,95,1999,0,0,0,1,NA
"1450",110,96,1999,0,0,0,2,NA
"1451",110,96,1999,0,1,0,1,NA
"1452",110,98,1999,0,0,0,5,NA
"1453",110,99,1999,0,0,0,1,NA
"1454",110,101,1999,0,1,0,1,NA
"1455",110,102,1999,0,0,0,2,NA
"1456",110,103,1999,0,0,0,4,NA
"1457",110,103,1999,0,1,0,3,NA
"1458",110,104,1999,0,0,0,1,NA
"1459",110,105,1999,0,0,0,4,NA
"1460",110,106,1999,0,0,0,4,NA
"1461",110,106,1999,0,1,0,1,NA
"1462",110,107,1999,0,0,0,5,NA
"1463",110,109,1999,0,0,0,10,NA
"1464",110,109,1999,0,1,0,4,NA
"1465",110,110,1999,0,0,0,30,NA
"1466",110,110,1999,0,1,0,2,NA
"1467",110,111,1999,0,0,0,26,NA
"1468",110,111,1999,0,1,0,8,NA
"1469",110,112,1999,0,0,0,23,NA
"1470",110,112,1999,0,1,0,11,NA
"1471",110,112,1999,1,0,1,1,NA
"1472",110,112,1999,1,1,2,2,NA
"1473",110,113,1999,0,0,0,18,NA
"1474",110,113,1999,0,1,0,7,NA
"1475",110,114,1999,0,0,0,10,NA
"1476",110,114,1999,0,1,0,4,NA
"1477",110,115,1999,0,0,0,17,NA
"1478",110,115,1999,0,1,0,2,NA
"1479",110,116,1999,0,0,0,23,NA
"1480",110,116,1999,0,1,0,6,NA
"1481",110,117,1999,0,0,0,32,NA
"1482",110,117,1999,0,1,0,2,NA
"1483",110,117,1999,1,0,4,4,NA
"1484",110,118,1999,0,0,0,29,NA
"1485",110,118,1999,0,1,0,3,NA
"1486",110,118,1999,1,1,2,2,NA
"1487",110,119,1999,0,0,0,14,NA
"1488",110,119,1999,0,1,0,6,NA
"1489",110,120,1999,0,0,0,19,NA
"1490",110,120,1999,0,1,0,2,NA
"1491",110,120,1999,1,0,1,1,NA
"1492",110,121,1999,0,0,0,15,NA
"1493",110,121,1999,0,1,0,8,NA
"1494",110,122,1999,0,0,0,21,NA
"1495",110,122,1999,0,1,0,2,NA
"1496",110,123,1999,0,0,0,20,NA
"1497",110,123,1999,0,1,0,2,NA
"1498",110,124,1999,0,0,0,24,NA
"1499",110,124,1999,0,1,0,8,NA
"1500",110,125,1999,0,0,0,6,NA
"1501",110,125,1999,0,1,0,2,NA
"1502",110,125,1999,1,0,1,1,NA
"1503",110,126,1999,0,0,0,4,NA
"1504",110,127,1999,0,0,0,7,NA
"1505",110,128,1999,0,0,0,3,NA
"1506",110,128,1999,0,1,0,4,NA
"1507",110,130,1999,0,0,0,4,NA
"1508",110,131,1999,0,0,0,2,NA
"1509",110,132,1999,0,0,0,1,NA
"1510",110,132,1999,0,1,0,2,NA
"1511",110,133,1999,0,0,0,3,NA
"1512",110,134,1999,0,1,0,2,NA
"1513",110,137,1999,0,0,0,3,NA
"1514",110,137,1999,0,1,0,2,NA
"1515",110,138,1999,0,0,0,3,NA
"1516",110,138,1999,0,1,0,2,NA
"1517",110,139,1999,0,0,0,3,NA
"1518",110,139,1999,0,1,0,2,NA
"1519",110,140,1999,0,0,0,1,NA
"1520",110,140,1999,0,1,0,2,NA
"1521",110,141,1999,0,0,0,3,NA
"1522",110,142,1999,0,1,0,6,NA
"1523",110,143,1999,0,1,0,2,NA
"1524",110,144,1999,0,0,0,3,NA
"1525",110,144,1999,0,1,0,4,NA
"1526",110,145,1999,0,1,0,2,NA
"1527",110,146,1999,0,0,0,2,NA
"1528",110,146,1999,0,1,0,4,NA
"1529",110,147,1999,0,1,0,2,NA
"1530",110,148,1999,0,1,0,2,NA
"1531",110,156,1999,0,0,0,6,NA
"1532",110,158,1999,0,0,0,5,NA
"1533",110,159,1999,0,0,0,8,NA
"1534",110,160,1999,0,0,0,1,NA
"1535",111,89,1999,0,0,0,2,NA
"1536",111,90,1999,0,0,0,6,NA
"1537",111,91,1999,0,0,0,2,NA
"1538",111,92,1999,0,1,0,2,NA
"1539",111,93,1999,0,0,0,2,NA
"1540",111,94,1999,0,1,0,2,NA
"1541",111,95,1999,0,0,0,1,NA
"1542",111,96,1999,0,0,0,1,NA
"1543",111,96,1999,0,1,0,1,NA
"1544",111,97,1999,0,0,0,4,NA
"1545",111,98,1999,0,0,0,3,NA
"1546",111,99,1999,0,0,0,3,NA
"1547",111,100,1999,0,0,0,3,NA
"1548",111,102,1999,0,0,0,3,NA
"1549",111,103,1999,0,0,0,1,NA
"1550",111,103,1999,0,1,0,1,NA
"1551",111,104,1999,0,0,0,4,NA
"1552",111,105,1999,0,0,0,3,NA
"1553",111,106,1999,0,0,0,5,NA
"1554",111,107,1999,0,0,0,6,NA
"1555",111,107,1999,0,1,0,2,NA
"1556",111,109,1999,0,0,0,10,NA
"1557",111,109,1999,0,1,0,2,NA
"1558",111,110,1999,0,0,0,28,NA
"1559",111,110,1999,0,1,0,2,NA
"1560",111,111,1999,0,0,0,20,NA
"1561",111,111,1999,0,1,0,8,NA
"1562",111,112,1999,0,0,0,25,NA
"1563",111,112,1999,0,1,0,12,NA
"1564",111,113,1999,0,0,0,17,NA
"1565",111,113,1999,0,1,0,2,NA
"1566",111,114,1999,0,0,0,17,NA
"1567",111,115,1999,0,0,0,18,NA
"1568",111,115,1999,0,1,0,6,NA
"1569",111,116,1999,0,0,0,17,NA
"1570",111,116,1999,0,1,0,4,NA
"1571",111,117,1999,0,0,0,34,NA
"1572",111,117,1999,0,1,0,4,NA
"1573",111,118,1999,0,0,0,27,NA
"1574",111,118,1999,0,1,0,4,NA
"1575",111,119,1999,0,0,0,19,NA
"1576",111,119,1999,0,1,0,6,NA
"1577",111,119,1999,1,0,3,3,NA
"1578",111,120,1999,0,0,0,18,NA
"1579",111,120,1999,0,1,0,1,NA
"1580",111,121,1999,0,0,0,9,NA
"1581",111,121,1999,0,1,0,4,NA
"1582",111,122,1999,0,0,0,19,NA
"1583",111,122,1999,0,1,0,4,NA
"1584",111,123,1999,0,0,0,19,NA
"1585",111,123,1999,0,1,0,2,NA
"1586",111,124,1999,0,0,0,21,NA
"1587",111,124,1999,0,1,0,2,NA
"1588",111,125,1999,0,0,0,10,NA
"1589",111,126,1999,0,0,0,4,NA
"1590",111,126,1999,0,1,0,3,NA
"1591",111,127,1999,0,0,0,11,NA
"1592",111,128,1999,0,0,0,3,NA
"1593",111,128,1999,0,1,0,2,NA
"1594",111,129,1999,0,1,0,2,NA
"1595",111,130,1999,0,0,0,2,NA
"1596",111,130,1999,0,1,0,2,NA
"1597",111,131,1999,0,0,0,6,NA
"1598",111,132,1999,0,0,0,2,NA
"1599",111,133,1999,0,0,0,5,NA
"1600",111,134,1999,0,0,0,1,NA
"1601",111,135,1999,0,1,0,2,NA
"1602",111,136,1999,0,1,0,2,NA
"1603",111,137,1999,0,0,0,5,NA
"1604",111,137,1999,0,1,0,4,NA
"1605",111,138,1999,0,0,0,1,NA
"1606",111,140,1999,0,0,0,2,NA
"1607",111,141,1999,0,0,0,1,NA
"1608",111,141,1999,0,1,0,2,NA
"1609",111,143,1999,0,1,0,4,NA
"1610",111,144,1999,0,0,0,1,NA
"1611",111,144,1999,0,1,0,2,NA
"1612",111,145,1999,0,0,0,2,NA
"1613",111,145,1999,0,1,0,1,NA
"1614",111,146,1999,0,0,0,3,NA
"1615",111,151,1999,0,1,0,1,NA
"1616",111,155,1999,0,0,0,1,NA
"1617",111,156,1999,0,0,0,3,NA
"1618",111,158,1999,0,0,0,10,NA
"1619",111,159,1999,0,0,0,7,NA
"1620",111,160,1999,0,0,0,3,NA
"1621",112,89,1999,0,0,0,6,NA
"1622",112,90,1999,0,0,0,5,NA
"1623",112,91,1999,0,0,0,1,NA
"1624",112,93,1999,0,0,0,1,NA
"1625",112,95,1999,0,0,0,2,NA
"1626",112,97,1999,0,0,0,6,NA
"1627",112,98,1999,0,0,0,2,NA
"1628",112,99,1999,0,0,0,1,NA
"1629",112,99,1999,0,1,0,2,NA
"1630",112,100,1999,0,0,0,3,NA
"1631",112,102,1999,0,0,0,1,NA
"1632",112,104,1999,0,0,0,2,NA
"1633",112,105,1999,0,0,0,3,NA
"1634",112,105,1999,0,1,0,2,NA
"1635",112,106,1999,0,0,0,3,NA
"1636",112,106,1999,0,1,0,2,NA
"1637",112,107,1999,0,0,0,4,NA
"1638",112,108,1999,0,1,0,1,NA
"1639",112,108,1999,1,1,2,2,NA
"1640",112,109,1999,0,0,0,12,NA
"1641",112,109,1999,0,1,0,5,NA
"1642",112,110,1999,0,0,0,26,NA
"1643",112,110,1999,0,1,0,10,NA
"1644",112,110,1999,1,0,1,1,NA
"1645",112,111,1999,0,0,0,21,NA
"1646",112,111,1999,0,1,0,9,NA
"1647",112,112,1999,0,0,0,33,NA
"1648",112,112,1999,0,1,0,6,NA
"1649",112,113,1999,0,0,0,21,NA
"1650",112,113,1999,0,1,0,2,NA
"1651",112,113,1999,1,0,1,1,NA
"1652",112,114,1999,0,0,0,18,NA
"1653",112,114,1999,0,1,0,2,NA
"1654",112,115,1999,0,0,0,13,NA
"1655",112,115,1999,0,1,0,6,NA
"1656",112,115,1999,1,0,1,1,NA
"1657",112,116,1999,0,0,0,19,NA
"1658",112,116,1999,0,1,0,6,NA
"1659",112,117,1999,0,0,0,32,NA
"1660",112,117,1999,0,1,0,8,NA
"1661",112,117,1999,1,0,2,2,NA
"1662",112,117,1999,1,1,2,2,NA
"1663",112,118,1999,0,0,0,21,NA
"1664",112,118,1999,0,1,0,1,NA
"1665",112,119,1999,0,0,0,15,NA
"1666",112,120,1999,0,0,0,21,NA
"1667",112,120,1999,0,1,0,1,NA
"1668",112,120,1999,1,0,3,3,NA
"1669",112,121,1999,0,0,0,10,NA
"1670",112,121,1999,0,1,0,6,NA
"1671",112,121,1999,1,0,1,1,NA
"1672",112,122,1999,0,0,0,20,NA
"1673",112,122,1999,0,1,0,1,NA
"1674",112,122,1999,1,1,2,2,NA
"1675",112,123,1999,0,0,0,21,NA
"1676",112,123,1999,0,1,0,2,NA
"1677",112,124,1999,0,0,0,19,NA
"1678",112,124,1999,0,1,0,2,NA
"1679",112,124,1999,1,0,2,2,NA
"1680",112,125,1999,0,0,0,8,NA
"1681",112,125,1999,1,0,1,1,NA
"1682",112,126,1999,0,0,0,2,NA
"1683",112,127,1999,0,0,0,7,NA
"1684",112,127,1999,0,1,0,1,NA
"1685",112,128,1999,0,0,0,7,NA
"1686",112,128,1999,0,1,0,4,NA
"1687",112,129,1999,0,1,0,2,NA
"1688",112,130,1999,0,0,0,6,NA
"1689",112,130,1999,0,1,0,2,NA
"1690",112,131,1999,0,0,0,5,NA
"1691",112,132,1999,0,0,0,2,NA
"1692",112,133,1999,0,0,0,1,NA
"1693",112,133,1999,0,1,0,4,NA
"1694",112,134,1999,0,0,0,1,NA
"1695",112,135,1999,0,1,0,2,NA
"1696",112,138,1999,0,0,0,1,NA
"1697",112,139,1999,0,0,0,1,NA
"1698",112,141,1999,0,0,0,1,NA
"1699",112,144,1999,0,0,0,1,NA
"1700",112,145,1999,0,0,0,8,NA
"1701",112,146,1999,0,0,0,3,NA
"1702",112,156,1999,0,0,0,3,NA
"1703",112,158,1999,0,0,0,6,NA
"1704",112,159,1999,0,0,0,10,NA
"1705",112,159,1999,0,1,0,2,NA
"1706",112,160,1999,1,0,1,1,NA
"1707",113,89,1999,0,0,0,5,NA
"1708",113,90,1999,0,0,0,9,NA
"1709",113,91,1999,0,0,0,6,NA
"1710",113,92,1999,0,0,0,5,NA
"1711",113,93,1999,0,0,0,2,NA
"1712",113,95,1999,0,0,0,2,NA
"1713",113,96,1999,0,0,0,2,NA
"1714",113,97,1999,0,0,0,4,NA
"1715",113,98,1999,0,0,0,4,NA
"1716",113,99,1999,0,0,0,1,NA
"1717",113,100,1999,0,0,0,3,NA
"1718",113,103,1999,0,0,0,1,NA
"1719",113,104,1999,0,0,0,2,NA
"1720",113,106,1999,0,0,0,4,NA
"1721",113,107,1999,0,0,0,1,NA
"1722",113,108,1999,0,1,0,2,NA
"1723",113,109,1999,0,0,0,8,NA
"1724",113,110,1999,0,0,0,35,NA
"1725",113,110,1999,0,1,0,4,NA
"1726",113,111,1999,0,0,0,22,NA
"1727",113,111,1999,0,1,0,3,NA
"1728",113,112,1999,0,0,0,29,NA
"1729",113,112,1999,0,1,0,10,NA
"1730",113,113,1999,0,0,0,19,NA
"1731",113,113,1999,0,1,0,2,NA
"1732",113,113,1999,1,0,2,2,NA
"1733",113,114,1999,0,0,0,22,NA
"1734",113,114,1999,0,1,0,4,NA
"1735",113,115,1999,0,0,0,20,NA
"1736",113,115,1999,0,1,0,2,NA
"1737",113,116,1999,0,0,0,22,NA
"1738",113,116,1999,0,1,0,6,NA
"1739",113,117,1999,0,0,0,42,NA
"1740",113,117,1999,1,1,2,2,NA
"1741",113,118,1999,0,0,0,34,NA
"1742",113,118,1999,0,1,0,7,NA
"1743",113,118,1999,1,0,2,2,NA
"1744",113,119,1999,0,0,0,14,NA
"1745",113,119,1999,0,1,0,6,NA
"1746",113,119,1999,1,0,1,1,NA
"1747",113,120,1999,0,0,0,16,NA
"1748",113,120,1999,0,1,0,2,NA
"1749",113,120,1999,1,0,1,1,NA
"1750",113,121,1999,0,0,0,13,NA
"1751",113,121,1999,0,1,0,6,NA
"1752",113,122,1999,0,0,0,15,NA
"1753",113,122,1999,0,1,0,4,NA
"1754",113,123,1999,0,0,0,13,NA
"1755",113,123,1999,0,1,0,4,NA
"1756",113,124,1999,0,0,0,48,NA
"1757",113,124,1999,0,1,0,2,NA
"1758",113,124,1999,1,0,1,1,NA
"1759",113,125,1999,0,0,0,13,NA
"1760",113,126,1999,0,0,0,4,NA
"1761",113,126,1999,0,1,0,2,NA
"1762",113,127,1999,0,0,0,7,NA
"1763",113,127,1999,1,0,1,1,NA
"1764",113,128,1999,0,0,0,12,NA
"1765",113,130,1999,0,0,0,5,NA
"1766",113,130,1999,0,1,0,2,NA
"1767",113,131,1999,0,0,0,4,NA
"1768",113,131,1999,0,1,0,1,NA
"1769",113,132,1999,0,0,0,3,NA
"1770",113,133,1999,0,0,0,6,NA
"1771",113,133,1999,0,1,0,4,NA
"1772",113,134,1999,0,0,0,2,NA
"1773",113,136,1999,0,1,0,4,NA
"1774",113,137,1999,0,0,0,4,NA
"1775",113,137,1999,0,1,0,2,NA
"1776",113,138,1999,0,0,0,3,NA
"1777",113,139,1999,0,0,0,2,NA
"1778",113,140,1999,0,0,0,1,NA
"1779",113,141,1999,0,0,0,1,NA
"1780",113,143,1999,0,1,0,2,NA
"1781",113,144,1999,0,0,0,4,NA
"1782",113,144,1999,0,1,0,2,NA
"1783",113,145,1999,0,0,0,1,NA
"1784",113,146,1999,0,0,0,1,NA
"1785",113,146,1999,0,1,0,4,NA
"1786",113,155,1999,0,0,0,1,NA
"1787",113,156,1999,0,0,0,4,NA
"1788",113,158,1999,0,0,0,6,NA
"1789",113,159,1999,0,0,0,11,NA
"1790",113,160,1999,0,0,0,3,NA
"1791",114,89,1999,0,0,0,3,NA
"1792",114,90,1999,0,0,0,1,NA
"1793",114,90,1999,0,1,0,2,NA
"1794",114,91,1999,0,0,0,3,NA
"1795",114,92,1999,0,0,0,3,NA
"1796",114,92,1999,1,0,1,1,NA
"1797",114,93,1999,0,0,0,1,NA
"1798",114,95,1999,0,0,0,1,NA
"1799",114,96,1999,0,0,0,2,NA
"1800",114,97,1999,0,0,0,4,NA
"1801",114,97,1999,1,0,1,1,NA
"1802",114,98,1999,0,0,0,3,NA
"1803",114,99,1999,0,0,0,5,NA
"1804",114,100,1999,0,0,0,2,NA
"1805",114,100,1999,0,1,0,2,NA
"1806",114,106,1999,0,0,0,2,NA
"1807",114,107,1999,0,0,0,5,NA
"1808",114,108,1999,0,1,0,2,NA
"1809",114,109,1999,0,0,0,13,NA
"1810",114,109,1999,0,1,0,4,NA
"1811",114,110,1999,0,0,0,29,NA
"1812",114,110,1999,0,1,0,3,NA
"1813",114,111,1999,0,0,0,38,NA
"1814",114,111,1999,0,1,0,1,NA
"1815",114,111,1999,1,0,2,2,NA
"1816",114,112,1999,0,0,0,31,NA
"1817",114,112,1999,0,1,0,14,NA
"1818",114,113,1999,0,0,0,24,NA
"1819",114,113,1999,0,1,0,3,NA
"1820",114,114,1999,0,0,0,13,NA
"1821",114,114,1999,0,1,0,1,NA
"1822",114,115,1999,0,0,0,17,NA
"1823",114,115,1999,0,1,0,2,NA
"1824",114,116,1999,0,0,0,18,NA
"1825",114,116,1999,0,1,0,2,NA
"1826",114,116,1999,1,0,1,1,NA
"1827",114,117,1999,0,0,0,44,NA
"1828",114,117,1999,0,1,0,8,NA
"1829",114,117,1999,1,0,1,1,NA
"1830",114,118,1999,0,0,0,44,NA
"1831",114,118,1999,0,1,0,4,NA
"1832",114,119,1999,0,0,0,27,NA
"1833",114,119,1999,0,1,0,4,NA
"1834",114,120,1999,0,0,0,24,NA
"1835",114,120,1999,0,1,0,3,NA
"1836",114,121,1999,0,0,0,14,NA
"1837",114,121,1999,1,0,1,1,NA
"1838",114,122,1999,0,0,0,20,NA
"1839",114,122,1999,0,1,0,1,NA
"1840",114,122,1999,1,0,1,1,NA
"1841",114,123,1999,0,0,0,20,NA
"1842",114,123,1999,0,1,0,2,NA
"1843",114,123,1999,1,0,1,1,NA
"1844",114,124,1999,0,0,0,23,NA
"1845",114,124,1999,0,1,0,2,NA
"1846",114,125,1999,0,0,0,17,NA
"1847",114,126,1999,0,0,0,8,NA
"1848",114,127,1999,0,0,0,7,NA
"1849",114,128,1999,0,0,0,8,NA
"1850",114,130,1999,0,0,0,11,NA
"1851",114,131,1999,0,0,0,5,NA
"1852",114,131,1999,0,1,0,1,NA
"1853",114,132,1999,0,0,0,5,NA
"1854",114,133,1999,0,0,0,4,NA
"1855",114,134,1999,0,0,0,3,NA
"1856",114,134,1999,0,1,0,2,NA
"1857",114,137,1999,0,0,0,4,NA
"1858",114,138,1999,0,0,0,3,NA
"1859",114,138,1999,0,1,0,2,NA
"1860",114,139,1999,0,0,0,1,NA
"1861",114,139,1999,0,1,0,2,NA
"1862",114,140,1999,0,0,0,1,NA
"1863",114,140,1999,0,1,0,2,NA
"1864",114,141,1999,0,0,0,1,NA
"1865",114,141,1999,0,1,0,2,NA
"1866",114,142,1999,0,1,0,4,NA
"1867",114,143,1999,0,1,0,2,NA
"1868",114,144,1999,0,0,0,2,NA
"1869",114,144,1999,0,1,0,2,NA
"1870",114,145,1999,0,0,0,1,NA
"1871",114,146,1999,0,0,0,4,NA
"1872",114,146,1999,0,1,0,2,NA
"1873",114,147,1999,0,1,0,4,NA
"1874",114,155,1999,0,0,0,3,NA
"1875",114,156,1999,0,0,0,1,NA
"1876",114,158,1999,0,0,0,3,NA
"1877",114,158,1999,0,1,0,2,NA
"1878",114,159,1999,0,0,0,11,NA
"1879",114,160,1999,0,0,0,3,NA
"1880",114,160,1999,0,1,0,2,NA
"1881",115,89,1999,0,0,0,4,NA
"1882",115,90,1999,0,0,0,4,NA
"1883",115,91,1999,0,0,0,7,NA
"1884",115,92,1999,0,0,0,2,NA
"1885",115,93,1999,0,0,0,1,NA
"1886",115,95,1999,0,0,0,4,NA
"1887",115,96,1999,0,0,0,4,NA
"1888",115,97,1999,0,0,0,4,NA
"1889",115,98,1999,0,0,0,4,NA
"1890",115,99,1999,0,0,0,3,NA
"1891",115,100,1999,0,0,0,2,NA
"1892",115,102,1999,0,0,0,4,NA
"1893",115,103,1999,0,0,0,2,NA
"1894",115,103,1999,1,0,1,1,NA
"1895",115,104,1999,0,0,0,3,NA
"1896",115,105,1999,0,0,0,4,NA
"1897",115,106,1999,0,0,0,9,NA
"1898",115,107,1999,0,0,0,4,NA
"1899",115,109,1999,0,0,0,14,NA
"1900",115,109,1999,0,1,0,4,NA
"1901",115,110,1999,0,0,0,45,NA
"1902",115,110,1999,0,1,0,2,NA
"1903",115,111,1999,0,0,0,27,NA
"1904",115,111,1999,0,1,0,8,NA
"1905",115,112,1999,0,0,0,28,NA
"1906",115,112,1999,0,1,0,1,NA
"1907",115,112,1999,1,0,1,1,NA
"1908",115,113,1999,0,0,0,27,NA
"1909",115,114,1999,0,0,0,16,NA
"1910",115,114,1999,0,1,0,2,NA
"1911",115,115,1999,0,0,0,27,NA
"1912",115,115,1999,0,1,0,2,NA
"1913",115,115,1999,1,0,1,1,NA
"1914",115,116,1999,0,0,0,20,NA
"1915",115,116,1999,1,0,2,2,NA
"1916",115,117,1999,0,0,0,41,NA
"1917",115,117,1999,0,1,0,2,NA
"1918",115,117,1999,1,0,2,2,NA
"1919",115,118,1999,0,0,0,35,NA
"1920",115,118,1999,0,1,0,15,NA
"1921",115,119,1999,0,0,0,28,NA
"1922",115,119,1999,1,0,1,1,NA
"1923",115,120,1999,0,0,0,20,NA
"1924",115,120,1999,0,1,0,2,NA
"1925",115,121,1999,0,0,0,9,NA
"1926",115,121,1999,0,1,0,2,NA
"1927",115,121,1999,1,0,2,2,NA
"1928",115,122,1999,0,0,0,21,NA
"1929",115,123,1999,0,0,0,23,NA
"1930",115,124,1999,0,0,0,29,NA
"1931",115,124,1999,0,1,0,5,NA
"1932",115,124,1999,1,0,1,1,NA
"1933",115,125,1999,0,0,0,11,NA
"1934",115,126,1999,0,0,0,3,NA
"1935",115,127,1999,0,0,0,12,NA
"1936",115,128,1999,0,0,0,8,NA
"1937",115,129,1999,0,1,0,2,NA
"1938",115,130,1999,0,0,0,6,NA
"1939",115,131,1999,0,0,0,9,NA
"1940",115,132,1999,0,0,0,3,NA
"1941",115,133,1999,0,0,0,3,NA
"1942",115,134,1999,0,0,0,4,NA
"1943",115,134,1999,0,1,0,2,NA
"1944",115,135,1999,0,1,0,2,NA
"1945",115,136,1999,0,1,0,2,NA
"1946",115,137,1999,0,0,0,1,NA
"1947",115,138,1999,0,0,0,6,NA
"1948",115,139,1999,0,0,0,1,NA
"1949",115,139,1999,0,1,0,2,NA
"1950",115,140,1999,0,1,0,2,NA
"1951",115,141,1999,0,0,0,2,NA
"1952",115,144,1999,0,0,0,7,NA
"1953",115,144,1999,0,1,0,2,NA
"1954",115,145,1999,0,0,0,6,NA
"1955",115,146,1999,0,0,0,5,NA
"1956",115,146,1999,0,1,0,2,NA
"1957",115,148,1999,0,1,0,1,NA
"1958",115,148,1999,1,1,1,1,NA
"1959",115,155,1999,0,0,0,2,NA
"1960",115,156,1999,0,0,0,3,NA
"1961",115,158,1999,0,0,0,3,NA
"1962",115,158,1999,0,1,0,2,NA
"1963",115,159,1999,0,0,0,8,NA
"1964",115,160,1999,0,0,0,3,NA
"1965",116,89,1999,0,0,0,3,NA
"1966",116,90,1999,0,0,0,8,NA
"1967",116,90,1999,0,1,0,2,NA
"1968",116,91,1999,0,0,0,3,NA
"1969",116,91,1999,1,0,2,2,NA
"1970",116,93,1999,0,0,0,1,NA
"1971",116,94,1999,0,1,0,2,NA
"1972",116,95,1999,0,0,0,3,NA
"1973",116,96,1999,0,0,0,1,NA
"1974",116,97,1999,0,0,0,6,NA
"1975",116,97,1999,1,0,1,1,NA
"1976",116,98,1999,0,0,0,2,NA
"1977",116,99,1999,0,0,0,4,NA
"1978",116,100,1999,0,0,0,3,NA
"1979",116,102,1999,0,0,0,1,NA
"1980",116,103,1999,0,0,0,4,NA
"1981",116,104,1999,0,0,0,2,NA
"1982",116,105,1999,0,0,0,3,NA
"1983",116,106,1999,0,0,0,7,NA
"1984",116,107,1999,0,0,0,4,NA
"1985",116,107,1999,0,1,0,2,NA
"1986",116,109,1999,0,0,0,12,NA
"1987",116,110,1999,0,0,0,31,NA
"1988",116,110,1999,0,1,0,2,NA
"1989",116,111,1999,0,0,0,30,NA
"1990",116,111,1999,0,1,0,6,NA
"1991",116,112,1999,0,0,0,27,NA
"1992",116,112,1999,0,1,0,6,NA
"1993",116,113,1999,0,0,0,24,NA
"1994",116,113,1999,0,1,0,6,NA
"1995",116,114,1999,0,0,0,16,NA
"1996",116,114,1999,0,1,0,2,NA
"1997",116,115,1999,0,0,0,18,NA
"1998",116,115,1999,0,1,0,4,NA
"1999",116,116,1999,0,0,0,33,NA
"2000",116,116,1999,0,1,0,2,NA
"2001",116,116,1999,1,0,1,1,NA
"2002",116,117,1999,0,0,0,37,NA
"2003",116,117,1999,0,1,0,6,NA
"2004",116,118,1999,0,0,0,27,NA
"2005",116,118,1999,0,1,0,2,NA
"2006",116,118,1999,1,0,1,1,NA
"2007",116,119,1999,0,0,0,25,NA
"2008",116,119,1999,0,1,0,4,NA
"2009",116,120,1999,0,0,0,30,NA
"2010",116,120,1999,0,1,0,2,NA
"2011",116,120,1999,1,0,1,1,NA
"2012",116,121,1999,0,0,0,6,NA
"2013",116,121,1999,0,1,0,4,NA
"2014",116,122,1999,0,0,0,21,NA
"2015",116,122,1999,0,1,0,1,NA
"2016",116,122,1999,1,0,1,1,NA
"2017",116,122,1999,1,1,2,2,NA
"2018",116,123,1999,0,0,0,25,NA
"2019",116,124,1999,0,0,0,36,NA
"2020",116,124,1999,0,1,0,3,NA
"2021",116,124,1999,1,0,1,1,NA
"2022",116,125,1999,0,0,0,14,NA
"2023",116,125,1999,0,1,0,1,NA
"2024",116,126,1999,0,0,0,9,NA
"2025",116,127,1999,0,0,0,9,NA
"2026",116,128,1999,0,0,0,9,NA
"2027",116,128,1999,0,1,0,4,NA
"2028",116,129,1999,0,1,0,2,NA
"2029",116,130,1999,0,0,0,9,NA
"2030",116,130,1999,0,1,0,2,NA
"2031",116,131,1999,0,0,0,3,NA
"2032",116,132,1999,0,0,0,2,NA
"2033",116,132,1999,0,1,0,2,NA
"2034",116,133,1999,0,0,0,5,NA
"2035",116,134,1999,0,0,0,2,NA
"2036",116,134,1999,1,0,1,1,NA
"2037",116,135,1999,0,1,0,2,NA
"2038",116,137,1999,0,0,0,1,NA
"2039",116,137,1999,0,1,0,2,NA
"2040",116,138,1999,0,0,0,1,NA
"2041",116,139,1999,0,0,0,5,NA
"2042",116,140,1999,0,1,0,4,NA
"2043",116,141,1999,0,0,0,4,NA
"2044",116,141,1999,0,1,0,2,NA
"2045",116,144,1999,0,0,0,2,NA
"2046",116,144,1999,0,1,0,4,NA
"2047",116,145,1999,0,0,0,5,NA
"2048",116,146,1999,0,0,0,8,NA
"2049",116,146,1999,0,1,0,2,NA
"2050",116,147,1999,0,1,0,1,NA
"2051",116,148,1999,0,1,0,1,NA
"2052",116,153,1999,0,1,0,1,NA
"2053",116,155,1999,0,0,0,2,NA
"2054",116,156,1999,0,0,0,5,NA
"2055",116,158,1999,0,0,0,5,NA
"2056",116,158,1999,0,1,0,2,NA
"2057",116,159,1999,0,0,0,12,NA
"2058",116,159,1999,0,1,0,2,NA
"2059",116,160,1999,0,0,0,2,NA
"2060",117,87,1999,0,1,0,2,NA
"2061",117,89,1999,0,0,0,5,NA
"2062",117,90,1999,0,0,0,1,NA
"2063",117,91,1999,0,0,0,3,NA
"2064",117,93,1999,0,0,0,1,NA
"2065",117,95,1999,0,0,0,2,NA
"2066",117,95,1999,0,1,0,1,NA
"2067",117,95,1999,1,0,1,1,NA
"2068",117,96,1999,0,1,0,2,NA
"2069",117,97,1999,0,0,0,2,NA
"2070",117,98,1999,1,0,1,1,NA
"2071",117,99,1999,0,0,0,3,NA
"2072",117,100,1999,0,0,0,3,NA
"2073",117,102,1999,0,0,0,3,NA
"2074",117,103,1999,0,0,0,3,NA
"2075",117,104,1999,0,0,0,1,NA
"2076",117,105,1999,0,0,0,4,NA
"2077",117,106,1999,0,0,0,8,NA
"2078",117,106,1999,0,1,0,2,NA
"2079",117,107,1999,0,0,0,8,NA
"2080",117,109,1999,0,0,0,7,NA
"2081",117,110,1999,0,0,0,20,NA
"2082",117,111,1999,0,0,0,22,NA
"2083",117,111,1999,0,1,0,2,NA
"2084",117,111,1999,1,0,1,1,NA
"2085",117,112,1999,0,0,0,23,NA
"2086",117,112,1999,0,1,0,4,NA
"2087",117,113,1999,0,0,0,21,NA
"2088",117,113,1999,0,1,0,2,NA
"2089",117,113,1999,1,0,1,1,NA
"2090",117,114,1999,0,0,0,19,NA
"2091",117,114,1999,0,1,0,2,NA
"2092",117,114,1999,1,0,1,1,NA
"2093",117,115,1999,0,0,0,20,NA
"2094",117,115,1999,1,0,1,1,NA
"2095",117,116,1999,0,0,0,27,NA
"2096",117,116,1999,0,1,0,2,NA
"2097",117,116,1999,1,0,1,1,NA
"2098",117,117,1999,0,0,0,36,NA
"2099",117,117,1999,0,1,0,9,NA
"2100",117,118,1999,0,0,0,13,NA
"2101",117,118,1999,0,1,0,10,NA
"2102",117,119,1999,0,0,0,20,NA
"2103",117,119,1999,1,0,1,1,NA
"2104",117,119,1999,1,1,2,2,NA
"2105",117,120,1999,0,0,0,20,NA
"2106",117,120,1999,1,0,1,1,NA
"2107",117,121,1999,0,0,0,7,NA
"2108",117,122,1999,0,0,0,21,NA
"2109",117,123,1999,0,0,0,22,NA
"2110",117,123,1999,0,1,0,2,NA
"2111",117,124,1999,0,0,0,20,NA
"2112",117,125,1999,0,0,0,11,NA
"2113",117,126,1999,0,0,0,5,NA
"2114",117,127,1999,0,0,0,8,NA
"2115",117,127,1999,0,1,0,2,NA
"2116",117,128,1999,0,0,0,9,NA
"2117",117,130,1999,0,0,0,5,NA
"2118",117,130,1999,0,1,0,4,NA
"2119",117,131,1999,0,0,0,2,NA
"2120",117,133,1999,0,0,0,5,NA
"2121",117,137,1999,0,0,0,5,NA
"2122",117,137,1999,0,1,0,2,NA
"2123",117,138,1999,0,0,0,4,NA
"2124",117,139,1999,0,0,0,4,NA
"2125",117,141,1999,0,0,0,1,NA
"2126",117,142,1999,0,1,0,2,NA
"2127",117,142,1999,1,1,2,2,NA
"2128",117,143,1999,0,1,0,4,NA
"2129",117,144,1999,0,0,0,5,NA
"2130",117,145,1999,0,0,0,6,NA
"2131",117,145,1999,0,1,0,4,NA
"2132",117,146,1999,0,0,0,4,NA
"2133",117,146,1999,0,1,0,2,NA
"2134",117,148,1999,0,1,0,1,NA
"2135",117,149,1999,0,1,0,1,NA
"2136",117,156,1999,0,0,0,3,NA
"2137",117,158,1999,0,0,0,5,NA
"2138",117,159,1999,0,0,0,11,NA
"2139",117,160,1999,0,0,0,4,NA
"2140",118,89,1999,0,0,0,2,NA
"2141",118,90,1999,0,0,0,4,NA
"2142",118,91,1999,0,0,0,3,NA
"2143",118,92,1999,0,0,0,2,NA
"2144",118,92,1999,0,1,0,1,NA
"2145",118,93,1999,0,0,0,2,NA
"2146",118,93,1999,0,1,0,2,NA
"2147",118,95,1999,0,0,0,1,NA
"2148",118,96,1999,0,0,0,2,NA
"2149",118,97,1999,0,0,0,2,NA
"2150",118,98,1999,0,0,0,2,NA
"2151",118,99,1999,0,0,0,2,NA
"2152",118,100,1999,0,0,0,3,NA
"2153",118,103,1999,0,0,0,1,NA
"2154",118,104,1999,0,0,0,3,NA
"2155",118,105,1999,0,0,0,4,NA
"2156",118,105,1999,0,1,0,2,NA
"2157",118,106,1999,0,0,0,8,NA
"2158",118,107,1999,0,0,0,3,NA
"2159",118,109,1999,0,0,0,9,NA
"2160",118,109,1999,0,1,0,5,NA
"2161",118,110,1999,0,0,0,30,NA
"2162",118,110,1999,0,1,0,2,NA
"2163",118,111,1999,0,0,0,12,NA
"2164",118,111,1999,0,1,0,4,NA
"2165",118,112,1999,0,0,0,14,NA
"2166",118,112,1999,0,1,0,2,NA
"2167",118,112,1999,1,1,2,2,NA
"2168",118,113,1999,0,0,0,15,NA
"2169",118,113,1999,0,1,0,6,NA
"2170",118,114,1999,0,0,0,14,NA
"2171",118,115,1999,0,0,0,11,NA
"2172",118,115,1999,0,1,0,4,NA
"2173",118,116,1999,0,0,0,22,NA
"2174",118,116,1999,0,1,0,6,NA
"2175",118,117,1999,0,0,0,30,NA
"2176",118,117,1999,0,1,0,4,NA
"2177",118,118,1999,0,0,0,23,NA
"2178",118,118,1999,0,1,0,2,NA
"2179",118,119,1999,0,0,0,16,NA
"2180",118,119,1999,0,1,0,2,NA
"2181",118,120,1999,0,0,0,13,NA
"2182",118,120,1999,0,1,0,1,NA
"2183",118,120,1999,1,1,2,2,NA
"2184",118,121,1999,0,0,0,3,NA
"2185",118,121,1999,1,1,2,2,NA
"2186",118,122,1999,0,0,0,13,NA
"2187",118,122,1999,0,1,0,2,NA
"2188",118,123,1999,0,0,0,11,NA
"2189",118,123,1999,0,1,0,4,NA
"2190",118,124,1999,0,0,0,15,NA
"2191",118,124,1999,0,1,0,2,NA
"2192",118,125,1999,0,0,0,6,NA
"2193",118,125,1999,1,0,1,1,NA
"2194",118,126,1999,0,0,0,2,NA
"2195",118,126,1999,0,1,0,5,NA
"2196",118,126,1999,1,0,1,1,NA
"2197",118,127,1999,0,0,0,4,NA
"2198",118,127,1999,0,1,0,4,NA
"2199",118,128,1999,0,0,0,6,NA
"2200",118,128,1999,0,1,0,2,NA
"2201",118,128,1999,1,0,1,1,NA
"2202",118,129,1999,0,1,0,2,NA
"2203",118,130,1999,0,0,0,2,NA
"2204",118,130,1999,0,1,0,2,NA
"2205",118,130,1999,1,0,1,1,NA
"2206",118,131,1999,0,0,0,2,NA
"2207",118,132,1999,0,0,0,1,NA
"2208",118,133,1999,0,0,0,8,NA
"2209",118,133,1999,0,1,0,2,NA
"2210",118,134,1999,0,0,0,2,NA
"2211",118,135,1999,0,1,0,2,NA
"2212",118,136,1999,0,1,0,6,NA
"2213",118,137,1999,0,0,0,2,NA
"2214",118,138,1999,0,0,0,2,NA
"2215",118,139,1999,0,0,0,1,NA
"2216",118,140,1999,0,0,0,1,NA
"2217",118,141,1999,0,0,0,1,NA
"2218",118,142,1999,0,1,0,2,NA
"2219",118,143,1999,0,1,0,4,NA
"2220",118,144,1999,0,1,0,2,NA
"2221",118,145,1999,0,0,0,1,NA
"2222",118,145,1999,0,1,0,2,NA
"2223",118,146,1999,0,1,0,4,NA
"2224",118,147,1999,0,1,0,1,NA
"2225",118,156,1999,0,0,0,4,NA
"2226",118,158,1999,0,0,0,6,NA
"2227",118,159,1999,0,0,0,7,NA
"2228",118,159,1999,0,1,0,2,NA
"2229",118,160,1999,0,0,0,1,NA
"2230",119,85,1999,0,1,0,2,NA
"2231",119,88,1999,0,1,0,2,NA
"2232",119,89,1999,0,0,0,1,NA
"2233",119,90,1999,0,0,0,4,NA
"2234",119,91,1999,0,0,0,2,NA
"2235",119,92,1999,0,0,0,2,NA
"2236",119,92,1999,1,0,1,1,NA
"2237",119,93,1999,0,0,0,1,NA
"2238",119,96,1999,0,0,0,1,NA
"2239",119,97,1999,0,0,0,4,NA
"2240",119,99,1999,0,0,0,3,NA
"2241",119,100,1999,0,0,0,3,NA
"2242",119,102,1999,0,0,0,3,NA
"2243",119,102,1999,0,1,0,2,NA
"2244",119,103,1999,0,0,0,1,NA
"2245",119,104,1999,0,0,0,3,NA
"2246",119,105,1999,0,0,0,1,NA
"2247",119,106,1999,0,0,0,4,NA
"2248",119,107,1999,0,0,0,2,NA
"2249",119,108,1999,0,1,0,2,NA
"2250",119,109,1999,0,0,0,5,NA
"2251",119,110,1999,0,0,0,20,NA
"2252",119,111,1999,0,0,0,16,NA
"2253",119,111,1999,0,1,0,2,NA
"2254",119,112,1999,0,0,0,14,NA
"2255",119,112,1999,0,1,0,3,NA
"2256",119,112,1999,1,0,1,1,NA
"2257",119,113,1999,0,0,0,17,NA
"2258",119,113,1999,0,1,0,4,NA
"2259",119,114,1999,0,0,0,10,NA
"2260",119,114,1999,0,1,0,2,NA
"2261",119,115,1999,0,0,0,22,NA
"2262",119,115,1999,0,1,0,4,NA
"2263",119,116,1999,0,0,0,21,NA
"2264",119,117,1999,0,0,0,27,NA
"2265",119,117,1999,0,1,0,4,NA
"2266",119,118,1999,0,0,0,13,NA
"2267",119,118,1999,0,1,0,3,NA
"2268",119,119,1999,0,0,0,14,NA
"2269",119,120,1999,0,0,0,20,NA
"2270",119,120,1999,0,1,0,2,NA
"2271",119,121,1999,0,0,0,6,NA
"2272",119,121,1999,0,1,0,4,NA
"2273",119,122,1999,0,0,0,17,NA
"2274",119,122,1999,0,1,0,2,NA
"2275",119,123,1999,0,0,0,13,NA
"2276",119,124,1999,0,0,0,20,NA
"2277",119,124,1999,1,0,1,1,NA
"2278",119,125,1999,0,0,0,5,NA
"2279",119,126,1999,0,0,0,4,NA
"2280",119,127,1999,0,0,0,3,NA
"2281",119,127,1999,0,1,0,2,NA
"2282",119,128,1999,0,0,0,7,NA
"2283",119,128,1999,0,1,0,4,NA
"2284",119,130,1999,0,0,0,5,NA
"2285",119,131,1999,0,0,0,1,NA
"2286",119,132,1999,0,0,0,2,NA
"2287",119,133,1999,0,0,0,3,NA
"2288",119,136,1999,0,1,0,1,NA
"2289",119,137,1999,0,0,0,2,NA
"2290",119,137,1999,0,1,0,2,NA
"2291",119,138,1999,0,0,0,1,NA
"2292",119,138,1999,0,1,0,2,NA
"2293",119,139,1999,0,0,0,1,NA
"2294",119,139,1999,0,1,0,2,NA
"2295",119,143,1999,0,1,0,4,NA
"2296",119,144,1999,0,0,0,1,NA
"2297",119,144,1999,0,1,0,2,NA
"2298",119,145,1999,0,0,0,1,NA
"2299",119,145,1999,0,1,0,2,NA
"2300",119,146,1999,0,0,0,3,NA
"2301",119,146,1999,0,1,0,2,NA
"2302",119,147,1999,0,1,0,2,NA
"2303",119,148,1999,0,1,0,1,NA
"2304",119,149,1999,0,1,0,1,NA
"2305",119,150,1999,0,1,0,2,NA
"2306",119,156,1999,0,0,0,1,NA
"2307",119,158,1999,0,0,0,3,NA
"2308",119,158,1999,1,0,1,1,NA
"2309",119,159,1999,0,0,0,9,NA
"2310",119,160,1999,0,0,0,2,NA
"2311",120,89,1999,0,0,0,4,NA
"2312",120,90,1999,0,0,0,1,NA
"2313",120,91,1999,0,0,0,2,NA
"2314",120,92,1999,0,0,0,1,NA
"2315",120,92,1999,0,1,0,1,NA
"2316",120,93,1999,0,0,0,1,NA
"2317",120,95,1999,0,0,0,1,NA
"2318",120,96,1999,0,1,0,2,NA
"2319",120,97,1999,0,0,0,1,NA
"2320",120,98,1999,0,0,0,4,NA
"2321",120,100,1999,0,0,0,1,NA
"2322",120,102,1999,0,0,0,1,NA
"2323",120,103,1999,0,0,0,1,NA
"2324",120,104,1999,0,0,0,4,NA
"2325",120,104,1999,0,1,0,2,NA
"2326",120,105,1999,0,0,0,1,NA
"2327",120,106,1999,0,0,0,3,NA
"2328",120,107,1999,0,0,0,2,NA
"2329",120,109,1999,0,0,0,7,NA
"2330",120,110,1999,0,0,0,23,NA
"2331",120,110,1999,0,1,0,1,NA
"2332",120,111,1999,0,0,0,25,NA
"2333",120,111,1999,0,1,0,2,NA
"2334",120,111,1999,1,0,2,2,NA
"2335",120,112,1999,0,0,0,16,NA
"2336",120,113,1999,0,0,0,18,NA
"2337",120,113,1999,0,1,0,4,NA
"2338",120,114,1999,0,0,0,17,NA
"2339",120,115,1999,0,0,0,8,NA
"2340",120,115,1999,0,1,0,4,NA
"2341",120,116,1999,0,0,0,19,NA
"2342",120,116,1999,0,1,0,7,NA
"2343",120,116,1999,1,0,1,1,NA
"2344",120,117,1999,0,0,0,24,NA
"2345",120,117,1999,0,1,0,2,NA
"2346",120,117,1999,1,0,1,1,NA
"2347",120,118,1999,0,0,0,17,NA
"2348",120,118,1999,0,1,0,4,NA
"2349",120,119,1999,0,0,0,16,NA
"2350",120,119,1999,0,1,0,4,NA
"2351",120,119,1999,1,0,1,1,NA
"2352",120,120,1999,0,0,0,13,NA
"2353",120,120,1999,0,1,0,2,NA
"2354",120,121,1999,0,0,0,5,NA
"2355",120,121,1999,0,1,0,4,NA
"2356",120,122,1999,0,0,0,14,NA
"2357",120,122,1999,0,1,0,6,NA
"2358",120,122,1999,1,1,4,4,NA
"2359",120,123,1999,0,0,0,16,NA
"2360",120,123,1999,0,1,0,2,NA
"2361",120,123,1999,1,0,1,1,NA
"2362",120,124,1999,0,0,0,17,NA
"2363",120,124,1999,0,1,0,4,NA
"2364",120,125,1999,0,0,0,7,NA
"2365",120,126,1999,0,0,0,1,NA
"2366",120,126,1999,0,1,0,2,NA
"2367",120,127,1999,0,0,0,3,NA
"2368",120,127,1999,0,1,0,4,NA
"2369",120,128,1999,0,0,0,10,NA
"2370",120,128,1999,0,1,0,1,NA
"2371",120,128,1999,1,0,1,1,NA
"2372",120,129,1999,0,1,0,2,NA
"2373",120,130,1999,0,0,0,4,NA
"2374",120,131,1999,0,0,0,1,NA
"2375",120,132,1999,0,0,0,3,NA
"2376",120,133,1999,0,0,0,1,NA
"2377",120,133,1999,0,1,0,2,NA
"2378",120,134,1999,0,0,0,2,NA
"2379",120,137,1999,0,0,0,1,NA
"2380",120,138,1999,0,0,0,2,NA
"2381",120,139,1999,0,0,0,4,NA
"2382",120,140,1999,0,0,0,2,NA
"2383",120,141,1999,0,0,0,2,NA
"2384",120,141,1999,0,1,0,1,NA
"2385",120,142,1999,0,1,0,2,NA
"2386",120,144,1999,0,0,0,1,NA
"2387",120,144,1999,0,1,0,6,NA
"2388",120,145,1999,0,0,0,4,NA
"2389",120,145,1999,0,1,0,2,NA
"2390",120,146,1999,0,0,0,1,NA
"2391",120,146,1999,0,1,0,2,NA
"2392",120,148,1999,1,1,1,1,NA
"2393",120,156,1999,0,0,0,1,NA
"2394",120,158,1999,0,0,0,2,NA
"2395",120,159,1999,0,0,0,1,NA
"2396",120,160,1999,0,0,0,1,NA
"2397",121,88,1999,0,1,0,2,NA
"2398",121,89,1999,0,0,0,2,NA
"2399",121,90,1999,0,0,0,4,NA
"2400",121,90,1999,0,1,0,2,NA
"2401",121,91,1999,0,0,0,1,NA
"2402",121,92,1999,0,0,0,4,NA
"2403",121,92,1999,0,1,0,2,NA
"2404",121,93,1999,0,0,0,1,NA
"2405",121,96,1999,0,0,0,1,NA
"2406",121,97,1999,0,0,0,5,NA
"2407",121,98,1999,0,1,0,2,NA
"2408",121,102,1999,0,0,0,1,NA
"2409",121,103,1999,0,0,0,3,NA
"2410",121,104,1999,0,0,0,1,NA
"2411",121,106,1999,0,0,0,4,NA
"2412",121,107,1999,0,0,0,7,NA
"2413",121,108,1999,0,1,0,2,NA
"2414",121,109,1999,0,0,0,8,NA
"2415",121,110,1999,0,0,0,13,NA
"2416",121,110,1999,0,1,0,1,NA
"2417",121,111,1999,0,0,0,17,NA
"2418",121,112,1999,0,0,0,16,NA
"2419",121,112,1999,0,1,0,5,NA
"2420",121,113,1999,0,0,0,12,NA
"2421",121,114,1999,0,0,0,13,NA
"2422",121,114,1999,0,1,0,2,NA
"2423",121,115,1999,0,0,0,13,NA
"2424",121,115,1999,0,1,0,2,NA
"2425",121,115,1999,1,0,1,1,NA
"2426",121,116,1999,0,0,0,11,NA
"2427",121,116,1999,0,1,0,4,NA
"2428",121,117,1999,0,0,0,16,NA
"2429",121,117,1999,0,1,0,2,NA
"2430",121,117,1999,1,0,1,1,NA
"2431",121,117,1999,1,1,2,2,NA
"2432",121,118,1999,0,0,0,15,NA
"2433",121,118,1999,0,1,0,4,NA
"2434",121,118,1999,1,0,1,1,NA
"2435",121,119,1999,0,0,0,10,NA
"2436",121,119,1999,1,1,1,1,NA
"2437",121,120,1999,0,0,0,16,NA
"2438",121,121,1999,0,0,0,12,NA
"2439",121,121,1999,0,1,0,2,NA
"2440",121,122,1999,0,0,0,12,NA
"2441",121,122,1999,0,1,0,2,NA
"2442",121,123,1999,0,0,0,8,NA
"2443",121,123,1999,0,1,0,6,NA
"2444",121,124,1999,0,0,0,16,NA
"2445",121,124,1999,0,1,0,1,NA
"2446",121,125,1999,0,0,0,4,NA
"2447",121,125,1999,1,0,1,1,NA
"2448",121,126,1999,0,0,0,3,NA
"2449",121,127,1999,0,0,0,6,NA
"2450",121,128,1999,0,0,0,2,NA
"2451",121,130,1999,0,0,0,7,NA
"2452",121,130,1999,0,1,0,4,NA
"2453",121,131,1999,0,0,0,5,NA
"2454",121,132,1999,0,0,0,2,NA
"2455",121,133,1999,0,0,0,2,NA
"2456",121,133,1999,0,1,0,2,NA
"2457",121,134,1999,0,0,0,3,NA
"2458",121,137,1999,0,0,0,5,NA
"2459",121,138,1999,0,0,0,1,NA
"2460",121,138,1999,0,1,0,2,NA
"2461",121,139,1999,0,0,0,1,NA
"2462",121,140,1999,0,0,0,2,NA
"2463",121,141,1999,0,0,0,1,NA
"2464",121,141,1999,0,1,0,4,NA
"2465",121,143,1999,0,1,0,2,NA
"2466",121,144,1999,0,0,0,4,NA
"2467",121,144,1999,0,1,0,2,NA
"2468",121,145,1999,0,0,0,1,NA
"2469",121,145,1999,0,1,0,4,NA
"2470",121,146,1999,0,0,0,2,NA
"2471",121,146,1999,0,1,0,2,NA
"2472",121,156,1999,0,0,0,2,NA
"2473",121,158,1999,0,0,0,2,NA
"2474",121,158,1999,0,1,0,2,NA
"2475",121,159,1999,0,0,0,3,NA
"2476",121,160,1999,0,0,0,1,NA
"2477",122,89,1999,0,0,0,2,NA
"2478",122,91,1999,0,0,0,3,NA
"2479",122,92,1999,0,0,0,1,NA
"2480",122,93,1999,0,0,0,1,NA
"2481",122,96,1999,0,0,0,1,NA
"2482",122,97,1999,0,0,0,3,NA
"2483",122,99,1999,0,0,0,2,NA
"2484",122,102,1999,0,0,0,1,NA
"2485",122,102,1999,0,1,0,2,NA
"2486",122,103,1999,0,0,0,2,NA
"2487",122,105,1999,0,0,0,1,NA
"2488",122,105,1999,0,1,0,2,NA
"2489",122,107,1999,0,0,0,6,NA
"2490",122,109,1999,0,0,0,13,NA
"2491",122,109,1999,0,1,0,2,NA
"2492",122,110,1999,0,0,0,19,NA
"2493",122,110,1999,0,1,0,2,NA
"2494",122,111,1999,0,0,0,14,NA
"2495",122,111,1999,0,1,0,1,NA
"2496",122,112,1999,0,0,0,17,NA
"2497",122,112,1999,0,1,0,5,NA
"2498",122,113,1999,0,0,0,14,NA
"2499",122,113,1999,1,1,2,2,NA
"2500",122,114,1999,0,0,0,7,NA
"2501",122,115,1999,0,0,0,15,NA
"2502",122,116,1999,0,0,0,21,NA
"2503",122,116,1999,0,1,0,2,NA
"2504",122,117,1999,0,0,0,13,NA
"2505",122,117,1999,1,0,1,1,NA
"2506",122,118,1999,0,0,0,14,NA
"2507",122,119,1999,0,0,0,8,NA
"2508",122,119,1999,0,1,0,4,NA
"2509",122,119,1999,1,0,1,1,NA
"2510",122,120,1999,0,0,0,12,NA
"2511",122,120,1999,0,1,0,2,NA
"2512",122,120,1999,1,0,1,1,NA
"2513",122,121,1999,0,0,0,1,NA
"2514",122,121,1999,1,0,1,1,NA
"2515",122,121,1999,1,1,2,2,NA
"2516",122,122,1999,0,0,0,13,NA
"2517",122,122,1999,1,1,2,2,NA
"2518",122,123,1999,0,0,0,15,NA
"2519",122,123,1999,0,1,0,2,NA
"2520",122,124,1999,0,0,0,9,NA
"2521",122,125,1999,0,0,0,6,NA
"2522",122,126,1999,0,0,0,3,NA
"2523",122,126,1999,0,1,0,2,NA
"2524",122,127,1999,0,0,0,4,NA
"2525",122,127,1999,0,1,0,3,NA
"2526",122,128,1999,0,0,0,7,NA
"2527",122,129,1999,0,1,0,2,NA
"2528",122,130,1999,0,0,0,4,NA
"2529",122,131,1999,0,0,0,1,NA
"2530",122,132,1999,0,0,0,1,NA
"2531",122,133,1999,0,0,0,3,NA
"2532",122,133,1999,0,1,0,4,NA
"2533",122,134,1999,0,0,0,3,NA
"2534",122,137,1999,0,0,0,2,NA
"2535",122,138,1999,0,0,0,1,NA
"2536",122,139,1999,0,0,0,2,NA
"2537",122,140,1999,0,0,0,2,NA
"2538",122,141,1999,0,0,0,1,NA
"2539",122,141,1999,0,1,0,2,NA
"2540",122,144,1999,0,1,0,6,NA
"2541",122,145,1999,0,0,0,4,NA
"2542",122,146,1999,0,0,0,4,NA
"2543",122,158,1999,0,0,0,1,NA
"2544",122,159,1999,0,0,0,2,NA
"2545",123,89,1999,0,0,0,1,NA
"2546",123,90,1999,0,0,0,1,NA
"2547",123,91,1999,0,0,0,1,NA
"2548",123,92,1999,0,0,0,1,NA
"2549",123,93,1999,0,0,0,1,NA
"2550",123,95,1999,0,0,0,1,NA
"2551",123,97,1999,0,0,0,2,NA
"2552",123,99,1999,0,0,0,1,NA
"2553",123,99,1999,0,1,0,1,NA
"2554",123,99,1999,1,1,2,2,NA
"2555",123,100,1999,0,0,0,1,NA
"2556",123,104,1999,0,0,0,3,NA
"2557",123,106,1999,0,0,0,3,NA
"2558",123,107,1999,0,0,0,3,NA
"2559",123,109,1999,0,0,0,12,NA
"2560",123,110,1999,0,0,0,22,NA
"2561",123,111,1999,0,0,0,10,NA
"2562",123,111,1999,0,1,0,4,NA
"2563",123,112,1999,0,0,0,13,NA
"2564",123,112,1999,0,1,0,2,NA
"2565",123,113,1999,0,0,0,10,NA
"2566",123,113,1999,0,1,0,8,NA
"2567",123,114,1999,0,0,0,9,NA
"2568",123,115,1999,0,0,0,15,NA
"2569",123,115,1999,0,1,0,2,NA
"2570",123,116,1999,0,0,0,18,NA
"2571",123,116,1999,0,1,0,3,NA
"2572",123,117,1999,0,0,0,24,NA
"2573",123,118,1999,0,0,0,11,NA
"2574",123,119,1999,0,0,0,13,NA
"2575",123,119,1999,0,1,0,2,NA
"2576",123,120,1999,0,0,0,9,NA
"2577",123,120,1999,0,1,0,2,NA
"2578",123,121,1999,0,0,0,2,NA
"2579",123,121,1999,0,1,0,1,NA
"2580",123,122,1999,0,0,0,10,NA
"2581",123,122,1999,0,1,0,2,NA
"2582",123,122,1999,1,0,1,1,NA
"2583",123,123,1999,0,0,0,4,NA
"2584",123,123,1999,1,0,1,1,NA
"2585",123,124,1999,0,0,0,11,NA
"2586",123,125,1999,0,0,0,8,NA
"2587",123,126,1999,0,0,0,3,NA
"2588",123,127,1999,0,0,0,5,NA
"2589",123,128,1999,0,0,0,4,NA
"2590",123,128,1999,0,1,0,2,NA
"2591",123,130,1999,0,0,0,8,NA
"2592",123,131,1999,0,0,0,1,NA
"2593",123,131,1999,0,1,0,2,NA
"2594",123,132,1999,0,0,0,4,NA
"2595",123,133,1999,0,0,0,2,NA
"2596",123,134,1999,0,0,0,1,NA
"2597",123,135,1999,0,1,0,4,NA
"2598",123,136,1999,0,1,0,2,NA
"2599",123,137,1999,0,0,0,1,NA
"2600",123,138,1999,0,0,0,1,NA
"2601",123,138,1999,0,1,0,4,NA
"2602",123,139,1999,0,0,0,2,NA
"2603",123,140,1999,0,0,0,2,NA
"2604",123,141,1999,0,0,0,1,NA
"2605",123,142,1999,0,1,0,2,NA
"2606",123,144,1999,0,0,0,1,NA
"2607",123,145,1999,0,0,0,4,NA
"2608",123,146,1999,0,0,0,2,NA
"2609",123,148,1999,0,1,0,1,NA
"2610",123,159,1999,0,0,0,7,NA
"2611",123,160,1999,0,0,0,4,NA
"2612",124,110,1999,0,1,0,2,NA
"2613",124,111,1999,0,1,0,3,NA
"2614",124,112,1999,0,1,0,4,NA
"2615",124,115,1999,0,1,0,2,NA
"2616",124,117,1999,0,1,0,2,NA
"2617",124,118,1999,0,1,0,2,NA
"2618",124,123,1999,0,1,0,2,NA
"2619",124,124,1999,0,1,0,2,NA
"2620",124,131,1999,0,1,0,4,NA
"2621",124,134,1999,0,1,0,2,NA
"2622",124,135,1999,0,1,0,2,NA
"2623",124,140,1999,0,1,0,2,NA
"2624",124,141,1999,0,1,0,2,NA
"2625",124,142,1999,0,1,0,2,NA
"2626",124,143,1999,0,1,0,1,NA
"2627",124,144,1999,0,1,0,1,NA
"2628",124,145,1999,0,1,0,2,NA
"2629",124,147,1999,0,1,0,2,NA
"2630",125,87,1999,0,1,0,2,NA
"2631",125,102,1999,0,1,0,2,NA
"2632",125,109,1999,0,1,0,2,NA
"2633",125,113,1999,0,1,0,4,NA
"2634",125,116,1999,0,1,0,2,NA
"2635",125,117,1999,0,1,0,2,NA
"2636",125,118,1999,0,1,0,3,NA
"2637",125,129,1999,0,1,0,2,NA
"2638",125,137,1999,0,1,0,2,NA
"2639",125,139,1999,1,1,2,2,NA
"2640",125,144,1999,0,1,0,4,NA
"2641",125,147,1999,0,1,0,2,NA
